frame_index,decode_ms,detect_nms_track_ms,render_ms,e2e_ms,write_ms_excluded,tracked_detections
0,7.94900010805577,4.397400072775781,1.0629999451339245,13.476000051014125,nan,3
1,0.8168000495061278,4.646899993531406,0.8446000283583999,6.319900043308735,nan,2
2,0.7925999816507101,3.9518000558018684,0.8550999918952584,5.613400018773973,nan,2
3,0.7914000889286399,4.348199930973351,0.6460000295192003,5.800300044938922,nan,1
4,0.7423999486491084,4.112700000405312,0.6837999681010842,5.552399903535843,nan,1
5,0.7631999906152487,3.7713999627158046,0.6544999778270721,5.202899919822812,nan,1
6,0.7462999783456326,4.255100036971271,0.6921000313013792,5.704900017008185,nan,1
7,0.8458000374957919,4.27729997318238,0.660700025036931,5.802300060167909,nan,1
8,0.7365000201389194,4.154499969445169,0.6508000660687685,5.5550000397488475,nan,1
9,0.8578000124543905,4.212100058794022,0.7096999324858189,5.793999996967614,nan,1
10,0.7998000364750624,3.921999945305288,0.6485000485554338,5.386300035752356,nan,1
11,0.7730000652372837,3.7625000113621354,0.6426000036299229,5.190800060518086,nan,1
12,0.759500078856945,4.034799989312887,0.6751000182703137,5.482300068251789,nan,1
13,0.771000050008297,4.087200039066374,0.6472999230027199,5.51749998703599,nan,1
14,0.7879999466240406,3.8885000394657254,0.6597000174224377,5.349099985323846,nan,1
15,0.7877000607550144,4.466800019145012,0.6847999757155776,5.949700018391013,nan,1
16,0.8118998957797885,3.934399923309684,0.6757000228390098,5.449799937196076,nan,1
17,0.7654000073671341,3.9767000125721097,0.6712999893352389,5.429400014691055,nan,1
18,0.8435000199824572,3.911099978722632,0.6452000234276056,5.427399999462068,nan,1
19,0.8108000038191676,3.8859000196680427,0.8330000564455986,5.55910007096827,nan,2
20,0.771000050008297,3.9670999394729733,1.1482000118121505,5.895999958738685,nan,2
21,0.802299939095974,3.988599986769259,0.8297000313177705,5.6359999580308795,nan,2
22,0.7965000113472342,4.161500022746623,0.8362999651581049,5.807399982586503,nan,2
23,0.8018999360501766,4.07879997510463,0.8538999827578664,5.759699968621135,nan,2
24,0.7677999092265964,4.455000045709312,1.2170999543741345,6.453499896451831,nan,4
25,0.7894999580457807,3.916500019840896,1.1993000516667962,5.915399990044534,nan,4
26,10.102600092068315,4.123099963180721,1.206299988552928,15.45599999371916,nan,4
27,0.753799919039011,4.104399937205017,1.016200054436922,5.883299978449941,nan,3
28,0.7827000226825476,3.684900002554059,0.8546999888494611,5.331499967724085,nan,2
29,0.7600000826641917,4.245599964633584,1.066500088199973,6.081200088374317,nan,3
30,0.789299956522882,3.8551000179722905,0.8154000388458371,5.469699972309172,nan,2
31,0.7780999876558781,3.9623999036848545,0.8521000854671001,5.601900047622621,nan,2
32,0.7937999907881021,3.9884999860078096,1.3201000401750207,6.112099974416196,nan,3
33,0.790499965660274,4.135099938139319,0.8837999776005745,5.819399957545102,nan,2
34,0.7706999313086271,3.9041999261826277,0.6544000934809446,5.33830001950264,nan,1
35,0.8148999186232686,4.3385999742895365,0.8638000581413507,6.026500021107495,nan,2
36,0.7962000090628862,4.526900011114776,0.8459000382572412,6.178500014357269,nan,2
37,0.7792999967932701,3.781900042667985,0.8113000076264143,5.386800039559603,nan,2
38,0.8993999799713492,3.8744000485166907,0.8332999423146248,5.637999973259866,nan,2
39,0.7576999487355351,3.7600999930873513,0.9457000996917486,5.477000027894974,nan,2
40,0.7783999899402261,3.808800014667213,0.8774000452831388,5.478200037032366,nan,2
41,0.8022000547498465,4.07429994083941,0.6623000372201204,5.553900031372905,nan,1
42,0.7800000021234155,3.960699890740216,0.7020001066848636,5.4521000711247325,nan,1
43,0.7600999670103192,4.088700050488114,0.6763000274077058,5.5342999985441566,nan,1
44,0.7826000219210982,3.777100006118417,0.6490000523626804,5.217600031755865,nan,1
45,0.7576999487355351,4.196299938485026,0.6515000713989139,5.614000023342669,nan,1
46,0.7772999815642834,3.7103999638929963,0.6871999939903617,5.183500004932284,nan,1
47,0.9035000111907721,4.152400069870055,0.6858999840915203,5.752800032496452,nan,1
48,0.7809000089764595,3.7538999458774924,0.6664999527856708,5.210899980738759,nan,1
49,0.7966000121086836,4.09810000564903,0.7661000126972795,5.682300077751279,nan,1
50,0.7927999831736088,4.403800005093217,0.6552000995725393,5.8620000490918756,nan,1
51,0.7829000242054462,3.80319997202605,0.6612000288441777,5.256199976429343,nan,1
52,0.7741000736132264,4.493599990382791,0.7221000269055367,5.9989000437781215,nan,1
53,0.8218999719247222,3.9473000215366483,0.7045000093057752,5.500199971720576,nan,1
54,0.7966000121086836,4.252099897712469,0.9180000051856041,5.975999985821545,nan,2
55,0.8157999254763126,3.904600045643747,0.6789000472053885,5.413300008513033,nan,1
56,0.8490000618621707,3.8775999564677477,0.6828999612480402,5.43889997061342,nan,1
57,0.8014999330043793,4.065300105139613,0.7732999511063099,5.652899970300496,nan,1
58,0.8046000730246305,4.036400001496077,0.6744000129401684,5.529800080694258,nan,1
59,0.7758999709039927,4.275700077414513,0.829199911095202,5.894499947316945,nan,2
60,0.7455999730154872,4.041400039568543,0.8750000270083547,5.675500025972724,nan,2
61,0.8443000260740519,4.412499954923987,0.7047000108286738,5.972099956125021,nan,1
62,0.8134999079629779,4.033299977891147,0.8771999273449183,5.751199903897941,nan,2
63,0.9174998849630356,3.9607000071555376,0.8636999409645796,5.766799906268716,nan,2
64,0.7603999692946672,3.825400024652481,0.6971999537199736,5.295399925671518,nan,1
65,0.803499948233366,3.7959000328555703,0.7448999676853418,5.356699926778674,nan,1
66,0.7547999266535044,4.265199997462332,0.8849999867379665,5.917200003750622,nan,2
67,0.7819000165909529,3.916500019840896,0.9992000414058566,5.7076000375673175,nan,3
68,0.7385000353679061,4.291699966415763,0.8249999955296516,5.8660999638959765,nan,2
69,0.7867999374866486,3.9490999188274145,1.2018000707030296,5.950800026766956,nan,4
70,0.7829000242054462,3.9805000415071845,1.1798000195994973,5.970300058834255,nan,4
71,0.7808000082150102,4.049699986353517,1.0560000082477927,5.899399984627962,nan,3
72,0.7567999418824911,3.9763000095263124,1.168800052255392,5.9148999862372875,nan,4
73,0.7685000309720635,4.351999959908426,1.078300061635673,6.212000036612153,nan,3
74,0.7746000774204731,3.838400007225573,0.9945000056177378,5.620300071313977,nan,3
75,0.7687000324949622,4.047799971885979,1.1950000189244747,6.028200034052134,nan,4
76,0.7740000728517771,4.270700039342046,0.9245999390259385,5.978900007903576,nan,2
77,0.7782999891787767,4.30699996650219,1.1696999426931143,6.264399969950318,nan,4
78,0.7850999245420098,4.190100007690489,1.055800006724894,6.0406000120565295,nan,3
79,0.7978000212460756,3.9486000314354897,1.0509999701753259,5.807399982586503,nan,3
80,0.840499997138977,4.147200030274689,1.030299928970635,6.040100008249283,nan,3
81,0.7974000182002783,4.026499926112592,1.0395999997854233,5.872700014151633,nan,3
82,0.7959000067785382,4.252500017173588,1.1468000011518598,6.208200007677078,nan,4
83,0.7812000112608075,4.280099994502962,1.1752001009881496,6.24660006724298,nan,4
84,0.7602999685332179,3.944500000216067,1.0312999365851283,5.746199982240796,nan,3
85,0.8073999779298902,4.025500034913421,0.8508999599143863,5.695899948477745,nan,2
86,0.7676000241190195,3.828300046734512,0.9651000145822763,5.5740000680089,nan,2
87,0.8228999795392156,3.95610008854419,0.8575000101700425,5.64950006082654,nan,2
88,0.7671000203117728,4.197899950668216,0.8972000796347857,5.875200033187866,nan,2
89,0.7856000447645783,4.086800036020577,0.8598000276833773,5.753900040872395,nan,2
90,0.7773999823257327,4.622899927198887,1.2255000183358788,6.63910002913326,nan,4
91,0.7699000416323543,3.835399984382093,1.1893000919371843,5.807700101286173,nan,4
92,0.7745999610051513,4.179600044153631,1.205099979415536,6.172999972477555,nan,4
93,0.7593999616801739,4.253000020980835,1.1063000420108438,6.131800008006394,nan,3
94,0.7549000438302755,3.9109999779611826,1.5503999311476946,6.229599937796593,nan,4
95,0.8604000322520733,4.4528000289574265,1.0676999809220433,6.413399940356612,nan,3
96,0.7920999778434634,4.242100054398179,1.1172998929396272,6.165999919176102,nan,3
97,0.7986999116837978,4.313300014473498,1.2250998988747597,6.3498999224975705,nan,4
98,0.7745999610051513,4.475199966691434,1.205200096592307,6.469200015999377,nan,4
99,0.7694000378251076,4.010500037111342,1.2704998953267932,6.063499953597784,nan,4
100,0.7722999434918165,4.024300025776029,1.1915999930351973,6.000799941830337,nan,4
101,0.7662000134587288,4.129900014959276,0.9999999310821295,5.906199919991195,nan,3
102,0.7694000378251076,3.9398999651893973,1.0261000134050846,5.745899979956448,nan,3
103,0.7642999989911914,4.2854000348597765,1.0357999708503485,6.094700074754655,nan,3
104,0.7552000461146235,3.6964999744668603,1.0027000680565834,5.46430004760623,nan,3
105,0.8264000061899424,3.849899978376925,1.0180999524891376,5.717799998819828,nan,3
106,0.7615999784320593,3.9212999399751425,1.0645000729709864,5.7625999907031655,nan,3
107,0.8312000427395105,4.126899992115796,1.0510999709367752,6.023199995979667,nan,3
108,0.7742999587208033,4.442700068466365,1.0043999645859003,6.231699953787029,nan,3
109,0.7718999404460192,3.7412000820040703,0.8385999826714396,5.361599964089692,nan,2
110,0.7691000355407596,4.119400051422417,1.034199958667159,5.934400018304586,nan,3
111,0.7835000287741423,3.7295001093298197,0.8761999197304249,5.399200017563999,nan,2
112,0.7558000506833196,3.7971000419929624,0.8285000221803784,5.390700069256127,nan,2
113,0.8722000056877732,4.103199928067625,0.6618000334128737,5.658900015987456,nan,1
114,0.7941999938338995,3.977400017902255,0.6662999512627721,5.459100008010864,nan,1
115,0.7584000704810023,4.190200008451939,0.8521999698132277,5.809499998576939,nan,2
116,0.81769993994385,3.807300003245473,0.6664999527856708,5.312999943271279,nan,1
117,0.7844000356271863,4.24919999204576,0.8320000488311052,5.875100032426417,nan,2
118,0.7778999861329794,3.7465000059455633,0.6687999702990055,5.2022000309079885,nan,1
119,0.8142000297084451,3.9120999863371253,0.8104000007733703,5.552500020712614,nan,2
120,0.7624001009389758,3.7933000130578876,0.8138000266626477,5.378300091251731,nan,2
121,0.76299998909235,3.101700101979077,0.4335999255999923,4.307099967263639,nan,0
122,0.8054999634623528,4.100500023923814,0.838999985717237,5.754100042395294,nan,1
123,0.8490999462082982,4.133300040848553,0.7004999788478017,5.696299951523542,nan,1
124,0.8222999749705195,4.121499950997531,0.682600075379014,5.640299990773201,nan,1
125,0.7649000035598874,3.980400040745735,0.6699999794363976,5.4284000070765615,nan,1
126,0.7496000034734607,4.201300092972815,0.8932999335229397,5.857300013303757,nan,2
127,0.7737999549135566,4.007500014267862,0.6829999620094895,5.477799917571247,nan,1
128,0.7479999912902713,4.393900046125054,0.8632999379187822,6.017399951815605,nan,2
129,0.7785999914631248,3.739899955689907,1.2516999850049615,5.783299915492535,nan,2
130,0.8215000852942467,4.008200019598007,0.8823999669402838,5.726900068111718,nan,2
131,0.7776999846100807,3.993900027126074,1.042999909259379,5.823899991810322,nan,3
132,0.7601999677717686,3.9814000483602285,1.08299998100847,5.834899959154427,nan,3
133,0.7845000363886356,4.466099897399545,1.0448000393807888,6.3056000508368015,nan,3
134,0.808300101198256,3.7341000279411674,0.8498999522998929,5.418800050392747,nan,2
135,0.7597000803798437,4.143199999816716,1.0934999445453286,6.0128000332042575,nan,3
136,0.7560999365523458,3.745800000615418,1.0517999762669206,5.568899912759662,nan,3
137,0.8041999535635114,3.9147998904809356,0.9898000862449408,5.734700011089444,nan,2
138,0.7933999877423048,4.087000037543476,0.8911999175325036,5.7884999550879,nan,2
139,0.8496999507769942,4.017000086605549,1.2360999826341867,6.129799992777407,nan,4
140,0.7588000735267997,4.742500022985041,1.257500029169023,6.777500035241246,nan,4
141,0.8449000306427479,3.9968000492081046,0.8783999364823103,5.733500001952052,nan,2
142,0.7799000013619661,3.9898999966681004,0.816799933090806,5.601199925877154,nan,2
143,0.8532999781891704,5.055599962361157,0.9163999930024147,6.856299936771393,nan,2
144,0.7862999336794019,4.116800031624734,0.8785000536590815,5.794800003059208,nan,2
145,0.8149000350385904,4.212399944663048,1.0825000936165452,6.122500053606927,nan,2
146,0.7842000341042876,4.535499960184097,0.9036000119522214,6.237099994905293,nan,2
147,0.7552000461146235,4.07310004811734,0.8969999616965652,5.735200014896691,nan,2
148,0.8138000266626477,4.590999917127192,0.9203000226989388,6.335300044156611,nan,2
149,0.8301000343635678,3.9738001069054008,0.8798999479040504,5.705500021576881,nan,2
150,0.7931999862194061,3.9020999101921916,1.155200065113604,5.86440006736666,nan,3
151,0.7585999555885792,3.8035999750718474,0.6928999209776521,5.268899956718087,nan,1
152,0.8097999962046742,3.9489000337198377,0.6763000274077058,5.462400033138692,nan,1
153,0.8169000502675772,3.7940999027341604,0.6876999977976084,5.313699948601425,nan,1
154,0.7709999335929751,3.8086000131443143,0.6631000433117151,5.256999982520938,nan,1
155,0.7626001024618745,3.9918000111356378,0.6677999626845121,5.435700062662363,nan,1
156,0.7930999854579568,3.8696000119671226,0.8379000937566161,5.515600088983774,nan,2
157,0.7859000470489264,4.238800029270351,0.8417998906224966,5.87889994494617,nan,2
158,0.7625999860465527,3.8186999736353755,1.026200014166534,5.63439994584769,nan,3
159,0.7990999147295952,4.061600076965988,1.0383999906480312,5.914199980907142,nan,3
160,0.759500078856945,3.7356000393629074,1.0386999929323792,5.545600084587932,nan,3
161,0.7913999725133181,3.9187000365927815,1.0324000613763928,5.755900056101382,nan,3
162,0.7885999511927366,5.1126000471413136,1.0881000198423862,7.003200007602572,nan,3
163,0.8162000449374318,3.962300019338727,1.0737000266090035,5.863600061275065,nan,3
164,0.820100074633956,4.357900004833937,1.0502999648451805,6.248899968340993,nan,3
165,0.8210999658331275,3.8469000719487667,1.024700002744794,5.7070000329986215,nan,3
166,0.7829000242054462,3.8255000254139304,1.0014999425038695,5.636099958792329,nan,3
167,0.7767999777570367,4.647199995815754,1.1225000489503145,6.557299988344312,nan,3
168,0.7717000553384423,3.8914999458938837,1.0344000766053796,5.712600075639784,nan,3
169,0.8160000434145331,3.9381999522447586,1.164000015705824,5.933700012974441,nan,3
170,0.7796999998390675,3.8297000573948026,1.0339999571442604,5.6579000083729625,nan,3
171,0.7866000523790717,3.987399977631867,1.0154000483453274,5.802000057883561,nan,3
172,0.7429000688716769,4.361300030723214,1.0303999297320843,6.146900006569922,nan,3
173,0.7618999807164073,3.790399990975857,1.375799998641014,5.939299939200282,nan,5
174,0.7718999404460192,4.024700028821826,1.3543000677600503,6.163900019600987,nan,5
175,0.763899995945394,3.932700026780367,1.4198999851942062,6.12629996612668,nan,5
176,0.7847999222576618,4.001400084234774,1.3421999756246805,6.141899968497455,nan,5
177,0.7612000918015838,4.459399962797761,1.2124000350013375,6.443000049330294,nan,4
178,0.7918000919744372,3.8024999666959047,1.1648000217974186,5.774500081315637,nan,4
179,0.7967000128701329,3.8985999999567866,1.249199965968728,5.960099981166422,nan,4
180,0.7566999411210418,4.260300076566637,1.419499982148409,6.4489999786019325,nan,5
181,0.7564999395981431,4.269400029443204,1.158099970780313,6.192800006829202,nan,4
182,0.74970000423491,4.335999954491854,1.1958000250160694,6.290400051511824,nan,4
183,0.8021000539883971,4.0611999575048685,1.242400030605495,6.114999996498227,nan,4
184,0.7834000280126929,4.113100003451109,1.1958000250160694,6.1015000101178885,nan,4
185,0.7541000377386808,4.200000083073974,0.838699983432889,5.801900057122111,nan,2
186,0.7656000088900328,3.7709999596700072,0.9955000132322311,5.54130005184561,nan,3
187,0.800000037997961,4.26560000050813,1.152500044554472,6.227600038982928,nan,3
188,0.7746000774204731,3.85970005299896,1.0345999617129564,5.678800051100552,nan,3
189,0.7962000090628862,3.9149000076577067,1.2257000198587775,5.946799996308982,nan,4
190,0.7601999677717686,4.086200031451881,1.2815999798476696,6.137400050647557,nan,4
191,0.8197999559342861,4.065600107423961,1.1700999457389116,6.066199974156916,nan,4
192,0.7405000505968928,4.116100026294589,1.005199970677495,5.870399996638298,nan,3
193,0.8352999575436115,4.123099963180721,1.4079000102356076,6.387499975971878,nan,5
194,0.7739999564364552,3.9334999164566398,1.1498000239953399,5.866499966941774,nan,4
195,0.7584000704810023,4.245100077241659,1.2386000016704202,6.2512001022696495,nan,4
196,0.7807000074535608,4.0342999855056405,1.513600000180304,6.337699946016073,nan,6
197,0.7874999428167939,4.065899993292987,1.5228999545797706,6.386399967595935,nan,6
198,0.8105000015348196,3.877699957229197,1.2411000207066536,5.945099983364344,nan,4
199,0.7729000644758344,3.983300062827766,0.8719000034034252,5.638300091959536,nan,2
200,0.7613999769091606,4.11900004837662,1.180300023406744,6.069700000807643,nan,3
201,0.8245999924838543,3.845999948680401,0.9831000352278352,5.66399993840605,nan,3
202,0.7556000491604209,3.9280999917536974,1.1792000150308013,5.871800007298589,nan,4
203,0.7863999344408512,3.7964999210089445,1.068799989297986,5.661199917085469,nan,3
204,0.7774000987410545,4.010000033304095,1.031499938108027,5.828400026075542,nan,3
205,0.7876000599935651,3.7709000753238797,0.8446999127045274,5.41230000089854,nan,2
206,0.7772999815642834,4.307599971070886,1.054299995303154,6.1484999023377895,nan,3
207,0.8367999689653516,4.354999982751906,1.0596000356599689,6.261399947106838,nan,3
208,0.7949999999254942,4.297699895687401,1.1677000438794494,6.273700040765107,nan,3
209,0.8176000555977225,3.9622000185772777,0.8388999849557877,5.6328000500798225,nan,2
210,0.745000084862113,4.030499956570566,0.9988000383600593,5.786300054751337,nan,3
211,0.7815000135451555,4.186099977232516,0.8691999828442931,5.847300053574145,nan,2
212,0.7925999816507101,4.461499978788197,1.222899998538196,6.48650003131479,nan,4
213,0.7814000127837062,3.978900029323995,1.319600036367774,6.101100007072091,nan,4
214,0.8018000517040491,4.103700048290193,1.5138000017032027,6.429700064472854,nan,6
215,0.7748999632894993,4.110999987460673,1.375199994072318,6.27170002553612,nan,5
216,0.7832000264897943,3.995400038547814,1.0162999387830496,5.805299966596067,nan,3
217,0.7802000036463141,3.944900003261864,1.0349999647587538,5.769899929873645,nan,3
218,0.7856999291107059,3.8257999112829566,1.4368999982252717,6.058799917809665,nan,4
219,0.7813000120222569,4.080700105987489,1.0266999015584588,5.899899988435209,nan,3
220,0.775399967096746,4.169600084424019,1.0650999611243606,6.019499967806041,nan,3
221,0.8009000448510051,4.044099943712354,1.0241999989375472,5.880699958652258,nan,3
222,0.7819000165909529,4.080599988810718,0.6751000182703137,5.546499975025654,nan,1
223,0.7703000446781516,3.7477000150829554,0.8181000594049692,5.345700075849891,nan,2
224,0.8327999385073781,4.516700049862266,1.3740999856963754,6.744800019077957,nan,3
225,0.8653999539092183,4.493499989621341,1.0670000920072198,6.43609999679029,nan,3
226,0.7856000447645783,4.11750003695488,1.1754999868571758,6.089200032874942,nan,4
227,0.7920999778434634,4.746700054965913,1.0495999595150352,6.601499975658953,nan,3
228,0.7701999275013804,4.0219000075012445,1.063500065356493,5.868399981409311,nan,3
229,0.8280000183731318,4.1204000590369105,1.0224999859929085,5.998100037686527,nan,3
230,0.8122000144794583,4.652800038456917,1.200400060042739,6.675000069662929,nan,4
231,0.776599976234138,4.019700107164681,1.277299947105348,6.099299993366003,nan,4
232,0.8258000016212463,4.194200038909912,0.8576000109314919,5.89250004850328,nan,2
233,0.775999971665442,4.162699915468693,1.1600999860092998,6.111999973654747,nan,3
234,0.8857999928295612,4.057599930092692,1.0476000607013702,6.019799970090389,nan,3
235,0.7553000468760729,4.5427000150084496,0.9941000025719404,6.306600058451295,nan,3
236,0.762699986808002,3.9537999546155334,1.0423000203445554,5.7703000493347645,nan,3
237,0.7891000714153051,3.9631000254303217,0.8691999828442931,5.648300051689148,nan,2
238,0.7930999854579568,4.211800056509674,0.8706999942660332,5.890400032512844,nan,2
239,0.7601000834256411,3.967299940995872,0.833400059491396,5.576000083237886,nan,2
240,0.7479999912902713,4.276400082744658,0.8195999544113874,5.856300005689263,nan,2
241,0.7819000165909529,3.7001000018790364,0.8496999507769942,5.357500049285591,nan,2
242,0.824499991722405,4.470000043511391,0.853799981996417,6.1799000250175595,nan,2
243,0.8301999187096953,3.7947000237181783,1.156100071966648,5.795500008389354,nan,3
244,0.7799000013619661,4.3515999568626285,1.047200057655573,6.193300010636449,nan,3
245,0.786400050856173,4.377000033855438,1.040700008161366,6.213100044988096,nan,3
246,0.8147000335156918,4.0290000615641475,1.011999906040728,5.8769999304786325,nan,3
247,0.7701999275013804,4.16909996420145,1.0566000128164887,6.00489997304976,nan,3
248,0.8056999649852514,3.9290999993681908,1.091300044208765,5.83599996753037,nan,3
249,0.7813000120222569,4.0354999946430326,1.1666000355035067,5.993800004944205,nan,3
250,0.9563000639900565,5.006600054912269,0.8877000072970986,6.868500029668212,nan,2
251,0.7821000181138515,3.817100077867508,0.865899957716465,5.47460000962019,nan,2
252,0.8271000115200877,4.203699994832277,0.7050000131130219,5.749700008891523,nan,1
253,0.7941999938338995,3.8346999790519476,0.6904000183567405,5.328900064341724,nan,1
254,0.907599925994873,4.518700065091252,0.6561999907717109,6.097499979659915,nan,1
255,0.7447999669238925,4.146500024944544,0.7061999058350921,5.606399965472519,nan,1
256,0.7934999885037541,3.897199989296496,0.6508000660687685,5.350199993699789,nan,1
257,0.775399967096746,3.883600002154708,0.6612999131903052,5.329099949449301,nan,1
258,0.753499916754663,3.0460000270977616,0.4149999003857374,4.223099909722805,nan,0
259,0.8152000373229384,3.2323000486940145,0.41800003964453936,4.474200075492263,nan,0
260,0.7761000888422132,3.6195999709889293,0.6625000387430191,5.066600046120584,nan,1
261,0.7502000080421567,3.902000025846064,0.7099000504240394,5.373600055463612,nan,1
262,0.7777999853715301,3.6640000762417912,0.6529999664053321,5.103999981656671,nan,1
263,0.7749000797048211,3.9839999517425895,0.6655000615864992,5.43320004362613,nan,1
264,0.773400068283081,2.9241000302135944,0.4162000259384513,4.122300073504448,nan,0
265,0.826600007712841,2.949400106444955,0.41099998634308577,4.199800081551075,nan,0
266,0.7720999419689178,2.9304000781849027,0.4026999231427908,4.116599913686514,nan,0
267,0.7714000530540943,2.84620001912117,0.4026999231427908,4.048699978739023,nan,0
268,0.7561000529676676,3.1436000717803836,0.4229999613016844,4.331400035880506,nan,0
269,0.7859999313950539,2.779899979941547,0.4053999437019229,3.9824999403208494,nan,0
270,0.7739999564364552,3.0369999585673213,0.3939999733120203,4.215399967506528,nan,0
271,0.7896000752225518,2.829600009135902,0.40229992009699345,4.033899982459843,nan,0
272,0.7555000483989716,2.9229000210762024,0.41099998634308577,4.100600024685264,nan,0
273,0.8623000467196107,3.0926999170333147,0.4241999704390764,4.410199937410653,nan,0
274,0.7673000218346715,2.901800093241036,0.40069990791380405,4.0822000009939075,nan,0
275,0.7621999830007553,3.4193999599665403,0.41340000461786985,4.604400019161403,nan,0
276,0.7969000143930316,2.9987000161781907,0.41290000081062317,4.22260002233088,nan,0
277,0.7725999457761645,3.21820005774498,0.41009997949004173,4.412599955685437,nan,0
278,0.7698999252170324,2.8855999698862433,0.39980001747608185,4.06700000166893,nan,0
279,0.7524999091401696,2.923599909991026,0.40410005021840334,4.091999959200621,nan,0
280,0.8113000076264143,2.989599946886301,0.40930008981376886,4.238500026986003,nan,0
281,0.7552999304607511,2.8647000435739756,0.4096999764442444,4.040499916300178,nan,0
282,0.7398000452667475,3.306100028567016,0.40689995512366295,4.463099990971386,nan,0
283,0.7844000356271863,2.9076000209897757,0.40909997187554836,4.113300004974008,nan,0
284,0.7628999883309007,2.8032000409439206,0.4646000452339649,4.04190004337579,nan,0
285,0.7647000020369887,2.973599941469729,0.40749995969235897,4.157999996095896,nan,0
286,0.7420000620186329,2.8440000023692846,0.3945999778807163,3.9890999905765057,nan,0
287,0.7733000675216317,3.4295000368729234,0.4298000130802393,4.651500028558075,nan,0
288,0.7615999784320593,3.0061000725254416,0.41259999852627516,4.1884999955073,nan,0
289,0.7862999336794019,3.2339999452233315,0.4264999879524112,4.4553999323397875,nan,0
290,0.7519000209867954,2.976100076921284,0.4183999262750149,4.15439996868372,nan,0
291,0.7769999792799354,2.777499961666763,0.42749999556690454,3.9898999966681004,nan,0
292,0.786700053140521,2.9504999984055758,0.42120006401091814,4.179400042630732,nan,0
293,0.7474001031368971,3.020100062713027,0.4381999606266618,4.214000073261559,nan,0
294,0.7332999957725406,3.509000060148537,0.4293000092729926,4.679400008171797,nan,0
295,0.8994000963866711,2.9573000501841307,0.4113999893888831,4.289800068363547,nan,0
296,0.7544999243691564,3.2689999788999557,0.4246999742463231,4.4565999414771795,nan,0
297,0.7687000324949622,2.933999989181757,0.4597000079229474,4.171199980191886,nan,0
298,0.7794999983161688,2.8282999992370605,0.39519998244941235,4.012100049294531,nan,0
299,0.7798000006005168,3.0257999897003174,0.40639995131641626,4.220599890686572,nan,0
300,0.7615000940859318,2.963899984024465,0.3983000060543418,4.13230003323406,nan,0
301,0.7548000430688262,3.3512000227347016,0.4235999658703804,4.537599976174533,nan,0
302,0.7958000060170889,2.890300005674362,0.42990001384168863,4.1250999784097075,nan,0
303,0.777499983087182,3.057899884879589,0.41030009742826223,4.253600025549531,nan,0
304,0.8115998934954405,2.868899959139526,0.4124999977648258,4.118899931199849,nan,0
305,0.7473999867215753,3.2790000550448895,0.4563999827951193,4.493399988859892,nan,0
306,0.7838000310584903,2.912399941124022,0.4135000053793192,4.137299954891205,nan,0
307,0.7622999837622046,2.816599910147488,0.40040002204477787,4.005700000561774,nan,0
308,0.7918999763205647,3.366399905644357,0.4048000555485487,4.573400015942752,nan,0
309,0.7655000081285834,2.9986000154167414,0.4035999299958348,4.178999923169613,nan,0
310,0.7756000850349665,2.86250002682209,0.41259999852627516,4.062300082296133,nan,0
311,0.7822000188753009,2.832299913279712,0.4021000349894166,4.042500047944486,nan,0
312,0.762699986808002,2.7840000111609697,0.39439997635781765,3.9519999409094453,nan,0
313,0.8421000093221664,3.3184000058099627,0.4282000008970499,4.615299985744059,nan,0
314,0.8068999741226435,2.8852999676018953,0.4293000092729926,4.134900053031743,nan,0
315,0.8097999962046742,3.324099932797253,0.42120006401091814,4.567899974063039,nan,0
316,0.7710999343544245,3.1147999688982964,0.430600019171834,4.337799968197942,nan,0
317,0.8149999193847179,3.1305999727919698,0.4909000126644969,4.444599966518581,nan,0
318,0.8071999764069915,3.1525000231340528,0.4333000397309661,4.402899998240173,nan,0
319,0.8147000335156918,3.0354999471455812,0.4227999597787857,4.281400004401803,nan,0
320,0.8661000756546855,3.557099960744381,0.6461000302806497,5.09079999756068,nan,0
321,0.8178000571206212,2.849800046533346,0.4105999832972884,4.087400040589273,nan,0
322,0.767399906180799,2.9867999255657196,0.4126999992877245,4.175299894995987,nan,0
323,0.7847000379115343,2.9203000012785196,0.41360000614076853,4.126599989831448,nan,0
324,0.7502000080421567,3.633999964222312,0.6861999863758683,5.078400019556284,nan,0
325,0.8044999558478594,3.774499986320734,0.6842999719083309,5.272599984891713,nan,1
326,0.7800000021234155,4.207700025290251,0.6942000472918153,5.691400030627847,nan,1
327,0.8041999535635114,4.051500000059605,0.6967999506741762,5.561799975112081,nan,1
328,0.797900022007525,4.057500045746565,0.6732000038027763,5.543400067836046,nan,1
329,0.7786999922245741,3.0642999336123466,0.5103000439703465,4.36490005813539,nan,0
330,0.7727999472990632,3.485499997623265,0.49910007510334253,4.7710000071674585,nan,0
331,0.8373000891879201,3.847799962386489,0.7794999983161688,5.479800049215555,nan,0
332,0.7865999359637499,4.048600094392896,0.712399953044951,5.561299971304834,nan,1
333,0.7746000774204731,3.89509997330606,0.7094000466167927,5.39170007687062,nan,1
334,0.9399000555276871,4.6706999419257045,0.8996999822556973,6.54119998216629,nan,2
335,0.7598999654874206,5.133200087584555,1.0050999699160457,6.907999981194735,nan,2
336,0.8611000375822186,4.120300058275461,1.119599910452962,6.126699969172478,nan,3
337,0.830099917948246,4.3512999545782804,1.0758000425994396,6.283800001256168,nan,3
338,0.7783999899402261,4.096799995750189,1.2544000055640936,6.141300080344081,nan,4
339,0.7628999883309007,3.7755999946966767,0.8697999874129891,5.418999935500324,nan,2
340,0.750900013372302,4.754299996420741,1.0423000203445554,6.559500005096197,nan,3
341,0.7672000210732222,4.056600038893521,1.4563000295311213,6.293900078162551,nan,5
342,0.798800028860569,4.098500008694828,1.2182999635115266,6.129199988208711,nan,4
343,0.7723000599071383,3.958199988119304,1.0637000668793917,5.803900072351098,nan,3
344,0.7550000445917249,3.778000012971461,1.2250000145286322,5.767500028014183,nan,4
345,0.7682000286877155,4.460699972696602,1.271700020879507,6.51470001321286,nan,4
346,0.7515000179409981,3.8751999381929636,1.5054000541567802,6.145499995909631,nan,5
347,0.8148000342771411,4.157499992288649,1.4661999884992838,6.454000016674399,nan,5
348,0.7562000537291169,4.067800007760525,1.05189997702837,5.889300024136901,nan,3
349,0.7524999091401696,3.9108999771997333,1.2110000243410468,5.883899983018637,nan,4
350,0.7425000658258796,4.400099976919591,1.129399985074997,6.281499983742833,nan,3
351,0.803799950517714,4.026600043289363,0.9162999922409654,5.759499967098236,nan,2
352,0.786400050856173,3.953699953854084,1.0519000934436917,5.805400083772838,nan,3
353,0.9208000265061855,5.100099951960146,1.2085000053048134,7.273399969562888,nan,4
354,0.7859999313950539,3.9244000799953938,1.3995999470353127,6.122799939475954,nan,5
355,0.7545999251306057,3.9633000269532204,1.0605000425130129,5.791299976408482,nan,3
356,0.7593000773340464,4.004099988378584,1.2222999939695,5.995200015604496,nan,4
357,0.7445999654009938,3.895199974067509,1.201900071464479,5.8506999630481005,nan,4
358,0.7603000849485397,4.510500002652407,1.2462999438866973,6.527199991978705,nan,4
359,0.810900004580617,3.8235000101849437,1.0785999475046992,5.724199931137264,nan,3
360,0.7677999092265964,3.9289999986067414,0.8825999684631824,5.593499983660877,nan,2
361,0.7572000613436103,3.89960000757128,0.8837999776005745,5.553300026804209,nan,2
362,0.7501000072807074,3.8725000340491533,0.8393999887630343,5.475300014950335,nan,2
363,0.7676000241190195,4.141999990679324,0.8905000286176801,5.812500021420419,nan,2
364,0.7579999510198832,3.8434999296441674,1.0183000704273582,5.632600048556924,nan,3
365,0.7569999434053898,4.249399993568659,1.0634999489411712,6.0810999711975455,nan,3
366,0.7557999342679977,3.9546999614685774,1.1446999851614237,5.865299957804382,nan,3
367,0.7789999945089221,3.8574000354856253,0.8831999730318785,5.530099966563284,nan,2
368,0.76299998909235,3.9351999294012785,0.923600047826767,5.631100037135184,nan,2
369,0.7775999838486314,3.8718999130651355,0.8962000720202923,5.555800045840442,nan,2
370,0.7569999434053898,4.232099978253245,0.6902000168338418,5.68790000397712,nan,1
371,0.775399967096746,3.640200011432171,1.5166999073699117,5.9411999536678195,nan,2
372,0.821000081487,3.937200061045587,0.6949999369680882,5.474700010381639,nan,1
373,0.8101999992504716,3.7041999166831374,0.6639000494033098,5.187600036151707,nan,1
374,0.7658000104129314,3.7042999174445868,0.6985000800341368,5.17840008251369,nan,1
375,0.7745999610051513,3.0087000923231244,0.41909993160516024,4.211799940094352,nan,0
376,0.762699986808002,3.3268999541178346,0.458399998024106,4.556500003673136,nan,0
377,0.7738999556750059,3.894499968737364,0.6337999366223812,5.311799934133887,nan,1
378,0.824499991722405,4.668000037781894,0.694400048814714,6.208100006915629,nan,1
379,0.7588999578729272,3.741899970918894,0.7863999344408512,5.295999930240214,nan,1
380,0.7803000044077635,4.278699983842671,0.8602999150753021,5.928899976424873,nan,2
381,0.7559999357908964,4.280499997548759,0.8473999332636595,5.892799934372306,nan,2
382,0.7670000195503235,3.9174999110400677,0.8274000138044357,5.520800012163818,nan,2
383,0.7865999359637499,4.676499986089766,0.838099978864193,6.310499971732497,nan,2
384,0.7784999907016754,3.806499997153878,0.8541999850422144,5.448500043712556,nan,2
385,0.798200024291873,3.737300052307546,0.8272000122815371,5.384000018239021,nan,2
386,0.7984000258147717,3.7357000401243567,0.8555999957025051,5.4107999894768,nan,2
387,0.7756000850349665,3.967299940995872,0.847000046633184,5.599400028586388,nan,2
388,0.7578000659123063,3.613300039432943,1.114599988795817,5.495000048540533,nan,2
389,1.7534000799059868,4.000599961727858,0.6700999801978469,6.433299975469708,nan,1
390,0.7504000095650554,4.236200009472668,0.673100003041327,5.670999991707504,nan,1
391,0.7505000103265047,3.770700073800981,0.8424000116065145,5.376000073738396,nan,2
392,0.7593999616801739,3.882799996063113,0.851399963721633,5.503199994564056,nan,2
393,0.767099903896451,3.642899915575981,0.8459000382572412,5.2692999597638845,nan,2
394,0.8171000517904758,4.0478999726474285,0.9373000357300043,5.829900037497282,nan,2
395,0.8095999946817756,4.435000009834766,0.9497000137344003,6.20489998254925,nan,2
396,0.7826000219210982,3.8116000359877944,0.8954999502748251,5.502799991518259,nan,2
397,0.7604999700561166,4.161500022746623,0.8571000071242452,5.792299984022975,nan,2
398,0.7711000507697463,3.8877000333741307,1.0032999562099576,5.6733000092208385,nan,3
399,0.7800000021234155,4.054499906487763,1.0226999875158072,5.870199995115399,nan,3
400,0.7666000165045261,3.8446999387815595,1.0813000844791532,5.707500036805868,nan,3
401,0.8765000384300947,3.8539000088348985,1.0275999084115028,5.786299938336015,nan,3
402,0.7488999981433153,3.9752000011503696,0.8399999933317304,5.578899988904595,nan,2
403,0.763899995945394,3.745199996046722,0.8577000116929412,5.376000073738396,nan,2
404,0.7573999464511871,3.8765999488532543,0.8876000065356493,5.531099974177778,nan,2
405,0.762699986808002,4.0877999272197485,1.025000005029142,5.884599988348782,nan,3
406,0.7590000750496984,4.083800013177097,1.0310000507161021,5.8824000880122185,nan,3
407,0.7627999875694513,3.6891999188810587,1.1553000658750534,5.616200040094554,nan,3
408,0.8036999497562647,3.9155000122264028,1.034499960951507,5.765299894846976,nan,3
409,0.7653000066056848,4.179500043392181,1.0519999777898192,6.005999981425703,nan,3
410,0.7613999769091606,4.247499979101121,1.0627999436110258,6.080299965105951,nan,3
411,0.7699999259784818,4.314699908718467,1.089800032787025,6.184399942867458,nan,3
412,0.7911000866442919,3.6935999523848295,1.0331000667065382,5.5275000631809235,nan,3
413,0.7965000113472342,4.002300091087818,1.0350999655202031,5.855499999597669,nan,3
414,0.7875000592321157,3.986199968494475,0.873900018632412,5.657000001519918,nan,2
415,0.7854999275878072,3.8332000840455294,1.1638000141829252,5.795500008389354,nan,3
416,0.9114999556913972,5.016900016926229,1.1263999622315168,7.074899971485138,nan,3
417,0.8138000266626477,4.129000008106232,1.0945000685751438,6.052200100384653,nan,3
418,0.8284000214189291,4.225500044412911,1.0775999398902059,6.145799998193979,nan,3
419,0.8375000907108188,4.383099963888526,0.8945000590756536,6.1255000764504075,nan,2
420,0.7987000280991197,3.812400042079389,0.9577999589964747,5.578699987381697,nan,2
421,0.7844000356271863,4.618300008587539,0.9318999946117401,6.3445999985560775,nan,2
422,0.7989999139681458,3.9223000640049577,1.1381999356672168,5.872199893929064,nan,3
423,0.7897999603301287,4.111599992029369,1.021200092509389,5.9359000297263265,nan,3
424,0.7799000013619661,3.907899954356253,0.8357000770047307,5.537500022910535,nan,2
425,0.7942999945953488,3.733599907718599,0.8220000891014934,5.360300070606172,nan,2
426,0.784900039434433,4.031900083646178,0.6850999779999256,5.520900012925267,nan,1
427,0.7803000044077635,3.851200104691088,0.6964999483898282,5.340700037777424,nan,1
428,0.7530000293627381,3.5037000197917223,0.4384999629110098,4.7061999794095755,nan,0
429,0.7890000706538558,3.9380999514833093,0.8492000633850694,5.606300081126392,nan,2
430,0.7513000164180994,4.371599992737174,0.6896000122651458,5.825500003993511,nan,1
431,0.7814000127837062,3.896399983204901,0.7160000968724489,5.409000092186034,nan,1
432,0.8310000412166119,3.905500052496791,0.7087999256327748,5.469299969263375,nan,1
433,0.7671999046579003,3.660599933937192,0.7044000085443258,5.145199946127832,nan,1
434,0.7784999907016754,3.6944999592378736,0.7368000224232674,5.225799977779388,nan,1
435,0.7912000874057412,4.108300083316863,0.701499986462295,5.617500049993396,nan,1
436,0.7695000385865569,3.780700033530593,0.6766000296920538,5.240500089712441,nan,1
437,0.7798000006005168,4.154999973252416,0.6838999688625336,5.633999942801893,nan,1
438,0.8024999406188726,3.7982999347150326,0.6667000707238913,5.289900000207126,nan,1
439,0.7778999861329794,4.148500040173531,0.674600014463067,5.611200002022088,nan,1
440,0.762099982239306,3.196600009687245,0.41530001908540726,4.394800052978098,nan,0
441,0.7672000210732222,4.429499967955053,0.7137999637052417,5.91900001745671,nan,1
442,0.8048000745475292,3.89080005697906,0.7013999857008457,5.421600071713328,nan,1
443,0.8092999923974276,4.270999925211072,0.7170999888330698,5.806699977256358,nan,1
444,0.7972000166773796,3.6697000032290816,0.7001999765634537,5.176800070330501,nan,1
445,0.8480999385938048,3.7028000224381685,0.6911999080330133,5.263699917122722,nan,1
446,0.7930999854579568,3.1701000407338142,0.4208999453112483,4.393499926663935,nan,0
447,0.847900053486228,3.156700055114925,0.4152000183239579,4.45530004799366,nan,0
448,0.7651000050827861,3.767699934542179,0.6649000570178032,5.207999958656728,nan,1
449,0.7594000780954957,4.262199974618852,1.0902000358328223,6.122500053606927,nan,3
450,0.7682000286877155,3.9211000548675656,1.275799935683608,5.978900007903576,nan,3
451,0.8226999780163169,3.9290999993681908,1.0598000371828675,5.8379999827593565,nan,3
452,0.8704999927431345,4.563599941320717,0.8583000162616372,6.331800017505884,nan,2
453,0.7811000104993582,3.824499901384115,1.0368000948801637,5.652700085192919,nan,3
454,0.7548000430688262,4.104199935682118,1.0752000380307436,5.947500001639128,nan,3
455,0.7726000621914864,3.7357000401243567,1.0722000151872635,5.594000103883445,nan,3
456,0.7598999654874206,3.848200081847608,1.0310999350622296,5.6522999657318,nan,3
457,0.750900013372302,4.070799914188683,1.2687001144513488,6.102300016209483,nan,4
458,0.7742999587208033,3.7669000448659062,1.1981000425294042,5.752900033257902,nan,4
459,0.7679000264033675,4.551199963316321,1.2401000130921602,6.573599996045232,nan,4
460,0.7560000522062182,3.9550000801682472,1.3331999070942402,6.057100021280348,nan,4
461,0.7739999564364552,3.909299965016544,1.2157000601291656,5.912899971008301,nan,4
462,0.7547000423073769,4.348300048150122,1.0582000249996781,6.173300091177225,nan,3
463,0.770700047723949,3.7576999748125672,1.2020999565720558,5.743999965488911,nan,4
464,0.7475999882444739,4.0206999983638525,1.2469000648707151,6.024800008162856,nan,4
465,0.7628999883309007,3.7302999990060925,1.3270999770611525,5.831000045873225,nan,4
466,0.790799967944622,4.04040003195405,1.0371999815106392,5.883199977688491,nan,3
467,0.7552999304607511,3.8260999135673046,0.8446000283583999,5.436099949292839,nan,2
468,0.767699908465147,4.0976000018417835,0.867399969138205,5.744799971580505,nan,2
469,0.764199998229742,4.045200068503618,0.6536999717354774,5.476500024087727,nan,1
470,0.785800046287477,3.6696000024676323,0.8481000550091267,5.331600084900856,nan,2
471,0.9413000661879778,4.3132000137120485,0.8572000078856945,6.1527000507339835,nan,2
472,0.770400045439601,3.693799953907728,0.9585000807419419,5.43610006570816,nan,2
473,0.767999910749495,4.237100016325712,0.9102000622078776,5.927399965003133,nan,2
474,0.7581000681966543,4.063499975018203,0.6859999848529696,5.522600025869906,nan,1
475,0.7713999366387725,3.7305000005289912,0.8280000183731318,5.3428999381139874,nan,2
476,0.7524999091401696,4.58700000308454,0.6840999703854322,6.034899968653917,nan,1
477,1.1133999796584249,3.6922000581398606,0.6603999063372612,5.487699992954731,nan,1
478,0.7499000057578087,4.106999957002699,0.6617000326514244,5.528899957425892,nan,1
479,0.7393999258056283,4.0059000020846725,0.68170006852597,5.439399974420667,nan,1
480,0.7865000516176224,3.8358999881893396,0.6482000462710857,5.284700077027082,nan,1
481,0.7652000058442354,3.643500036559999,0.6546999793499708,5.076800007373095,nan,1
482,0.7689000340178609,3.81799996830523,0.7062000222504139,5.310000036843121,nan,1
483,0.7942001102492213,3.755899961106479,0.7668000180274248,5.330800078809261,nan,1
484,0.7880999473854899,3.7264999700710177,0.6551999831572175,5.183600005693734,nan,1
485,0.7651000050827861,4.1912999004125595,0.7012001005932689,5.684100091457367,nan,1
486,0.7786999922245741,3.8105000276118517,0.8698999881744385,5.472099990583956,nan,2
487,0.7746999617666006,4.141399986110628,1.2233000015839934,6.154699949547648,nan,3
488,0.7747000781819224,3.7382999435067177,0.695300055667758,5.2232000743970275,nan,1
489,0.7455999730154872,4.0562000358477235,0.8412000024691224,5.655799992382526,nan,2
490,0.7981999078765512,3.9781000232324004,1.0628000600263476,5.854399991221726,nan,3
491,0.8219999726861715,3.943699994124472,0.8568000048398972,5.653099971823394,nan,2
492,0.7621000986546278,3.756799967959523,0.6708999862894416,5.203100037761033,nan,1
493,0.7723000599071383,3.913499996997416,0.6981999613344669,5.397700006142259,nan,1
494,0.7551999296993017,4.143899888731539,0.7366000209003687,5.649799946695566,nan,1
495,0.7749999640509486,3.733100020326674,0.6754000205546618,5.196999991312623,nan,1
496,0.7278000703081489,4.24619996920228,0.6929000373929739,5.6791000533849,nan,1
497,0.7636999944224954,3.7757999962195754,0.6819000700488687,5.234300042502582,nan,1
498,0.7605999708175659,3.989799995906651,0.7057000184431672,5.465600057505071,nan,1
499,0.7668000180274248,3.6892000352963805,0.6827999604865909,5.150499986484647,nan,1
500,0.7483999943360686,4.267200012691319,0.6918999133631587,5.719899898394942,nan,1
501,0.7599999662488699,3.665999975055456,0.6703000981360674,5.110400030389428,nan,1
502,0.8083999855443835,4.119600052945316,0.9040000149980187,5.857000011019409,nan,2
503,0.8087999885901809,3.9974000537768006,0.90079999063164,5.72360004298389,nan,2
504,0.7659000111743808,3.863900084979832,0.8659999584779143,5.50870003644377,nan,2
505,0.8091999916359782,3.0881999991834164,0.44319999869912863,4.362499923445284,nan,0
506,0.7998000364750624,3.155000042170286,0.41779992170631886,4.386099986732006,nan,0
507,0.76149997767061,3.629199927672744,0.7244000444188714,5.127100041136146,nan,0
508,0.7760999724268913,4.676599986851215,0.8954000659286976,6.361700012348592,nan,1
509,0.8795000612735748,4.9461000598967075,0.7154999766498804,6.553400075063109,nan,1
510,0.784300034865737,3.814099938608706,0.7634001085534692,5.375900072976947,nan,1
511,0.8001999231055379,4.358700010925531,0.7227999158203602,5.893099936656654,nan,1
512,0.7776999846100807,3.8429000414907932,0.749099999666214,5.3789999801665545,nan,1
513,0.7809000089764595,4.056199919432402,0.695300055667758,5.549099994823337,nan,1
514,0.7937999907881021,3.8460000650957227,0.7181999972090125,5.372000043280423,nan,1
515,0.7754999678581953,3.810199908912182,0.6884000031277537,5.287199979647994,nan,1
516,0.7475999882444739,3.988299984484911,0.8023000555112958,5.564099992625415,nan,1
517,0.7966000121086836,3.8707000203430653,0.6800999399274588,5.361299961805344,nan,1
518,0.7764999754726887,4.123000078834593,0.866499962285161,5.777899990789592,nan,2
519,0.7543000392615795,3.84340004529804,0.8495999500155449,5.459100008010864,nan,2
520,0.7636999944224954,4.428599961102009,0.8880000095814466,6.093899952247739,nan,2
521,0.7601000834256411,3.7106999661773443,0.8602000307291746,5.34130004234612,nan,2
522,0.7963000098243356,3.9082999574020505,0.6730000022798777,5.4039000533521175,nan,1
523,0.7626001024618745,3.9160000160336494,0.7345000049099326,5.4264001082628965,nan,1
524,0.7736999541521072,3.944299998693168,0.6850000936537981,5.418200045824051,nan,1
525,0.7672000210732222,4.112599999643862,0.6905000191181898,5.5825000163167715,nan,1
526,0.7732999511063099,3.1883999472483993,0.4336000420153141,4.404400009661913,nan,0
527,0.754399923607707,2.772199921309948,0.4152000183239579,3.950099926441908,nan,0
528,0.8259000023826957,3.299300093203783,0.42999989818781614,4.565299954265356,nan,0
529,0.7905999664217234,4.039700026623905,0.7036000024527311,5.542700062505901,nan,1
530,0.8082999847829342,3.901400021277368,0.6690999725833535,5.388099933043122,nan,1
531,0.7634999928995967,3.8210999919101596,0.7084000390022993,5.302099976688623,nan,1
532,0.7696000393480062,3.4542999928817153,0.4051000578328967,4.638200043700635,nan,0
533,0.7597000803798437,2.855399972759187,0.40060002356767654,4.02410002425313,nan,0
534,0.847000046633184,2.888999995775521,0.3964999923482537,4.153799964115024,nan,0
535,0.7936999900266528,3.6964999744668603,0.6707999855279922,5.184800014831126,nan,1
536,0.7396000437438488,3.953800071030855,0.6828999612480402,5.385000025853515,nan,1
537,0.8157000411301851,3.6730000283569098,0.6565999938175082,5.154400016181171,nan,1
538,0.889600021764636,3.862299956381321,0.6836999673396349,5.4570999927818775,nan,1
539,0.7557999342679977,3.858199925161898,0.6766000296920538,5.299299955368042,nan,1
540,0.7649000035598874,3.7089999532327056,0.6767000304535031,5.159800057299435,nan,1
541,0.7668000180274248,3.764700028114021,0.6887000054121017,5.232700030319393,nan,1
542,0.8160999277606606,4.1383999632671475,0.6758000236004591,5.651699961163104,nan,1
543,0.7476001046597958,3.9588999934494495,0.6625000387430191,5.377800087444484,nan,1
544,0.8212999673560262,3.8144999416545033,0.6661000661551952,5.323100020177662,nan,1
545,0.7676000241190195,4.15729999076575,0.6602000212296844,5.594399990513921,nan,1
546,0.798200024291873,3.671300015412271,0.6674000760540366,5.146700073964894,nan,1
547,0.8507999591529369,4.611099953763187,0.6615000311285257,6.145299994386733,nan,1
548,0.7814000127837062,3.5683000460267067,0.6686999695375562,5.027599981985986,nan,1
549,0.7783001055940986,4.072400042787194,0.7027999963611364,5.5630001006647944,nan,1
550,0.7817000150680542,3.6524999886751175,0.6738000083714724,5.1169999642297626,nan,1
551,0.7941999938338995,3.709500073455274,0.6552999839186668,5.17240003682673,nan,1
552,0.7639999967068434,4.093399969860911,0.6957999430596828,5.56189997587353,nan,1
553,0.8259000023826957,3.8098000222817063,0.6747000152245164,5.332799977622926,nan,1
554,0.7433999562636018,3.9582999888807535,0.652099959552288,5.365199991501868,nan,1
555,0.8091999916359782,3.8825999945402145,0.6682999664917588,5.3810999961569905,nan,1
556,0.7541999220848083,3.962599905207753,0.6636000471189618,5.390199949033558,nan,1
557,0.8194000693038106,3.854400012642145,0.8193000685423613,5.5142000783234835,nan,2
558,0.7669000187888741,4.7923000529408455,0.7282999577000737,6.2969999853521585,nan,1
559,0.797300017438829,3.887500031851232,0.8373999735340476,5.532699986360967,nan,2
560,0.8232999825850129,3.920900053344667,0.8323999354615808,5.597799899987876,nan,2
561,0.9722999529913068,4.2486999882385135,0.8746000239625573,6.135899922810495,nan,2
562,0.7839000318199396,3.739599953405559,0.8001000387594104,5.3443000651896,nan,2
563,0.7758999709039927,3.74099996406585,0.7421999471262097,5.269099958240986,nan,1
564,0.8046999573707581,3.7057000445201993,0.6666999543085694,5.186599912121892,nan,1
565,0.7914999732747674,3.9235000731423497,0.6659999489784241,5.390599952079356,nan,1
566,0.7474999874830246,3.718000021763146,0.6730000022798777,5.147400079295039,nan,1
567,0.7470999844372272,4.363800049759448,0.673100003041327,5.792899988591671,nan,1
568,0.7779999868944287,3.6494999658316374,0.6532000843435526,5.101500079035759,nan,1
569,0.7517000194638968,4.198900074698031,0.6785999285057187,5.637799971736968,nan,1
570,0.7723000599071383,3.7374000530689955,0.671899993903935,5.191000062040985,nan,1
571,0.7940999930724502,3.8795999716967344,0.674600014463067,5.369900027289987,nan,1
572,0.7922000950202346,3.7869999650865793,0.7811000104993582,5.36940002348274,nan,1
573,0.801699934527278,3.7595999892801046,0.6680999649688601,5.251399939879775,nan,1
574,0.7663000142201781,3.5460999934002757,0.6964999483898282,5.017600022256374,nan,1
575,0.7741999579593539,3.988299984484911,0.7152000907808542,5.486699985340238,nan,1
576,0.8105000015348196,4.14109998382628,0.7024999940767884,5.663299933075905,nan,1
577,0.7999000372365117,3.749899915419519,0.656300107948482,5.233500036410987,nan,1
578,0.7664000149816275,4.148000036366284,0.7044000085443258,5.6310000363737345,nan,1
579,0.7706000469624996,3.764500026591122,0.664799939841032,5.213199998252094,nan,1
580,0.735800014808774,4.453699919395149,0.7636999944224954,5.966100026853383,nan,1
581,0.8481999393552542,3.7535999435931444,0.6588000105693936,5.276799900457263,nan,1
582,0.7560999365523458,4.1232999647036195,0.698499963618815,5.586699931882322,nan,1
583,0.7683000294491649,3.7914999993517995,1.144499983638525,5.713600083254278,nan,1
584,0.8418000070378184,3.9618000155314803,0.6980999605730176,5.523399915546179,nan,1
585,0.8055999642238021,3.8489000871777534,0.6941999308764935,5.3582999389618635,nan,1
586,0.7602000841870904,4.297100007534027,0.7145999697968364,5.780900013633072,nan,1
587,0.7790001109242439,2.870099968276918,0.41009997949004173,4.068700014613569,nan,0
588,0.7758999709039927,3.7900999886915088,0.6749000167474151,5.261900019831955,nan,1
589,0.7523000240325928,3.99869994726032,0.750900013372302,5.511800060048699,nan,1
590,0.8159000426530838,3.780700033530593,0.6902000168338418,5.308100022375584,nan,1
591,0.7775999838486314,3.9109999779611826,0.6894000107422471,5.386900040321052,nan,1
592,0.7576999487355351,3.8438999326899648,0.7197000086307526,5.3304999601095915,nan,1
593,0.7925999816507101,4.4275999534875154,0.6733000045642257,5.903300014324486,nan,1
594,0.7720000576227903,3.883900004439056,0.6913000252097845,5.356600042432547,nan,1
595,0.7821000181138515,4.072200041264296,0.7207000162452459,5.583900026977062,nan,1
596,0.7931999862194061,3.9733999874442816,0.712999957613647,5.488599999807775,nan,1
597,0.8093999931588769,3.902799915522337,0.6932000396773219,5.4151000222191215,nan,1
598,0.7751999655738473,4.113900009542704,0.7422999478876591,5.640799994580448,nan,1
599,0.8072999771684408,4.003999987617135,0.7181999972090125,5.538700032047927,nan,1
600,0.7969000143930316,4.204199998639524,0.6886998889967799,5.701899994164705,nan,1
601,0.8675999706611037,3.8247000193223357,0.7199000101536512,5.439099972136319,nan,1
602,0.7707999320700765,4.393799928948283,0.6681999657303095,5.8420998975634575,nan,1
603,0.7824000203981996,2.9353999998420477,0.7275999523699284,4.457899951376021,nan,0
604,0.8293000282719731,4.12779999896884,0.49180001951754093,5.463700043037534,nan,0
605,0.7980999071151018,3.2921000383794308,0.4336000420153141,4.539799992926419,nan,0
606,0.8013000478968024,4.380400059744716,0.9051000233739614,6.0989001067355275,nan,0
607,0.8283000206574798,4.011000040918589,0.7055000169202685,5.558900069445372,nan,1
608,0.7872000569477677,3.996799932792783,0.6603000219911337,5.459300009533763,nan,1
609,0.7590000750496984,2.878700033761561,0.40119991172105074,4.052800009958446,nan,0
610,0.8092999923974276,4.138299962505698,0.7286999607458711,5.703400005586445,nan,1
611,0.7574999472126365,3.6581000313162804,0.6616000318899751,5.091900005936623,nan,0
612,0.8073000935837626,3.9383999537676573,0.6893000099807978,5.46270003542304,nan,1
613,0.7631999906152487,3.865900100208819,0.7224999135360122,5.367900012061,nan,1
614,0.7929999846965075,4.016399965621531,0.7129000732675195,5.535600008442998,nan,1
615,0.7803000044077635,4.517800058238208,0.954599934630096,6.266399985179305,nan,2
616,0.7834000280126929,3.8495000917464495,0.8450999157503247,5.496899946592748,nan,2
617,0.763299991376698,4.428100073710084,1.0215999791398644,6.222500000149012,nan,3
618,0.7588000735267997,3.825700026936829,1.1276999721303582,5.7221000315621495,nan,3
619,0.8155000396072865,4.395400057546794,1.0603000409901142,6.293200072832406,nan,3
620,0.775699969381094,4.164199926890433,1.0569000151008368,6.005999981425703,nan,3
621,0.7903000805526972,4.241799935698509,0.901999999769032,5.943299969658256,nan,2
622,0.775999971665442,4.290600074455142,0.8957999525591731,5.971199949271977,nan,2
623,0.8155000396072865,3.8822999922558665,1.06969999615103,5.777699989266694,nan,2
624,0.8206999627873302,4.100700025446713,0.6881000008434057,5.6220999686047435,nan,1
625,0.7761999731883407,4.2389000300318,0.7072000298649073,5.731199984438717,nan,1
626,0.8051999611780047,4.000699962489307,0.8478999370709062,5.6634999345988035,nan,2
627,0.7987999124452472,4.303299938328564,1.0488000698387623,6.159899989143014,nan,3
628,0.7740000728517771,3.7746999878436327,0.7033000001683831,5.261500016786158,nan,1
629,0.8103000000119209,4.286699928343296,0.9285000851377845,6.050000083632767,nan,2
630,0.7862999336794019,3.839300014078617,0.9120999602600932,5.546799977310002,nan,2
631,0.8132000220939517,4.130599903874099,1.101000001654029,6.0656999703496695,nan,3
632,0.7706999313086271,4.1547000873833895,0.9339000098407269,5.869099986739457,nan,2
633,0.7986000273376703,3.1484999926760793,0.41179999243468046,4.36919997446239,nan,0
634,0.784300034865737,3.1156999757513404,0.44249999336898327,4.351499956101179,nan,0
635,0.7764999754726887,3.021199954673648,0.4208000609651208,4.226800054311752,nan,0
636,0.7656000088900328,2.866199938580394,0.4107999848201871,4.050999996252358,nan,0
637,0.8079999824985862,3.020999953150749,0.4344000481069088,4.284700029529631,nan,0
638,0.7686999160796404,3.18979995790869,0.4217000678181648,4.3889000080525875,nan,0
639,0.7449999684467912,3.4712000051513314,0.40819996502250433,4.6360999112948775,nan,0
640,0.7712000515311956,2.9100000392645597,0.4066999536007643,4.100800026208162,nan,0
641,0.7586999563500285,3.513400093652308,0.40369993075728416,4.687899956479669,nan,0
642,0.8007000433281064,2.9851000290364027,0.41800003964453936,4.225100041367114,nan,0
643,0.7579999510198832,2.9229000210762024,0.49670005682855844,4.186199977993965,nan,0
644,0.7654000073671341,3.0023999279364944,0.40360004641115665,4.184399964287877,nan,0
645,0.776899978518486,2.915099961683154,0.4165000282227993,4.122799960896373,nan,0
646,0.7409000536426902,3.221799968741834,0.4165000282227993,4.390400019474328,nan,0
647,0.7648000027984381,3.604399971663952,0.6812000647187233,5.062200012616813,nan,1
648,0.757100060582161,3.384099924005568,0.4002000205218792,4.5543999876827,nan,0
649,0.7643999997526407,3.829200053587556,0.6802999414503574,5.285199964419007,nan,1
650,0.7601999677717686,4.085100023075938,0.6643000524491072,5.522100022062659,nan,1
651,0.7559000514447689,3.549700020812452,0.6308000301942229,4.957400029525161,nan,0
652,1.7506999429315329,4.087999928742647,0.7897000759840012,6.647599977441132,nan,0
653,1.7200999427586794,4.052000003866851,0.6882000016048551,6.470500025898218,nan,1
654,0.7669000187888741,4.075899953022599,0.7153000915423036,5.56790002156049,nan,1
655,0.7813000120222569,4.217599984258413,0.670200097374618,5.678300047293305,nan,0
656,0.7701000431552529,3.6223999923095107,0.6491000531241298,5.050100036896765,nan,1
657,0.7736000698059797,4.431999986991286,0.6755000213161111,5.890200030989945,nan,1
658,0.7818000158295035,3.6735000321641564,0.6632000440731645,5.127700045704842,nan,1
659,0.8083999855443835,3.109999932348728,0.4189000464975834,4.347300040535629,nan,0
660,0.7864999352023005,3.990700002759695,0.6794999353587627,5.477499915286899,nan,1
661,0.7529000286012888,3.9887999882921576,0.8381999796256423,5.588600062765181,nan,2
662,0.7548000430688262,3.7164000095799565,0.8348000701516867,5.31470007263124,nan,2
663,0.9109999518841505,4.050499992445111,0.8544999873265624,5.855900002643466,nan,2
664,0.7663000142201781,3.719800035469234,0.7099000504240394,5.205200053751469,nan,1
665,0.7856999291107059,3.767899936065078,0.9189000120386481,5.482099950313568,nan,2
666,0.8039999520406127,3.918300033546984,0.865899957716465,5.598399904556572,nan,2
667,0.7836999138817191,3.6817999789491296,0.847000046633184,5.333099979907274,nan,2
668,0.7609999738633633,4.080199985764921,1.1171000078320503,5.968400044366717,nan,2
669,0.8644999470561743,4.7085999976843596,1.1442999821156263,6.729699904099107,nan,2
670,0.8877000072970986,3.988899989053607,0.8599000284448266,5.754899932071567,nan,2
671,0.753499916754663,4.318099934607744,0.8456000359728932,5.9266999596729875,nan,2
672,0.7693000370636582,3.8794000865891576,0.8477999363094568,5.508600035682321,nan,2
673,0.7499000057578087,4.063599975779653,1.0378999868407845,5.86440006736666,nan,3
674,0.8092999923974276,3.809700021520257,0.8239999879151583,5.465000052936375,nan,2
675,0.7658000104129314,4.221400013193488,1.01500004529953,6.016700062900782,nan,3
676,0.7643999997526407,3.819199977442622,0.9235000470653176,5.521400016732514,nan,2
677,0.7854000432416797,3.94099997356534,1.0365999769419432,5.7845000410452485,nan,3
678,0.7740000728517771,4.053000011481345,1.0789999505504966,5.914699984714389,nan,3
679,0.7583999540656805,4.054900025948882,0.8378999773412943,5.660199909470975,nan,2
680,0.7865999359637499,4.2224000208079815,1.034500077366829,6.053699995391071,nan,3
681,0.7831000257283449,3.783400054089725,0.8428998989984393,5.419299937784672,nan,2
682,1.1977999238297343,3.9017999079078436,1.140400068834424,6.265199976041913,nan,3
683,0.7754999678581953,3.992399899289012,1.076800050213933,5.854299990460277,nan,3
684,0.7754999678581953,4.5822999672964215,1.1001999955624342,6.466999999247491,nan,3
685,0.836100080050528,4.526100005023181,1.0439000325277448,6.416300078853965,nan,3
686,0.7926999824121594,3.867099992930889,1.0341000743210316,5.703700007870793,nan,3
687,0.8938000537455082,4.205500008538365,1.2589000398293138,6.380500039085746,nan,4
688,0.8412000024691224,4.001099965535104,1.3472000136971474,6.200099945999682,nan,5
689,0.7501000072807074,4.245099960826337,1.2935000704601407,6.301800021901727,nan,4
690,0.8051999611780047,4.251700011081994,1.4513999922201037,6.52039994020015,nan,5
691,0.7601999677717686,3.9507000474259257,1.2776999501511455,6.0032999608665705,nan,4
692,0.9468999924138188,4.285900038667023,1.2524999910965562,6.510600098408759,nan,4
693,0.7798000006005168,4.58700000308454,1.3872000854462385,6.763900048099458,nan,5
694,0.7669000187888741,4.775400040671229,2.1887999027967453,7.744399947114289,nan,6
695,0.8035999489948153,4.262399976141751,1.5753000043332577,6.656299927271903,nan,6
696,0.7695999229326844,4.247899982146919,1.2451999355107546,6.273799925111234,nan,4
697,0.788399949669838,3.914700006134808,1.277600065805018,5.996800027787685,nan,4
698,0.7714999374002218,3.9552999660372734,1.2020999565720558,5.958799971267581,nan,4
699,0.7665999000892043,4.524899995885789,1.0367999784648418,6.339999963529408,nan,3
700,0.7541000377386808,3.9289999986067414,1.0118000209331512,5.708300042897463,nan,3
701,0.7992000319063663,4.075299948453903,1.266700099222362,6.1740000965073705,nan,4
702,0.800000037997961,4.497100017033517,1.4261999167501926,6.751699955202639,nan,5
703,0.7440999615937471,3.9299000054597855,1.568600069731474,6.252799998037517,nan,6
704,0.7477999897673726,4.439300042577088,1.4221000019460917,6.623000022955239,nan,5
705,0.7923999801278114,3.8838000036776066,1.6724999295547605,6.362699903547764,nan,6
706,0.776599976234138,4.044499946758151,1.6359000001102686,6.470899912528694,nan,6
707,0.7510000141337514,4.55900002270937,1.5979999443516135,6.922199972905219,nan,6
708,0.7662998978048563,3.816799959167838,1.6503999941051006,6.243899930268526,nan,6
709,0.8378999773412943,4.165400052443147,1.4370999997481704,6.466499995440245,nan,5
710,0.7781999884173274,4.490100080147386,1.599599956534803,6.881800014525652,nan,6
711,0.78959995880723,4.2449000757187605,1.9868999952450395,7.031199987977743,nan,7
712,0.8370999712496996,4.390300018712878,1.8502000020816922,7.105199969373643,nan,7
713,0.7801000028848648,4.664699896238744,1.8143000779673457,7.2734999703243375,nan,7
714,0.7806000066921115,4.101600032299757,1.764100044965744,6.656000041402876,nan,7
715,0.7706000469624996,4.134399932809174,1.5844000736251473,6.503300042822957,nan,5
716,0.8029000600799918,4.205400007776916,1.196499913930893,6.219299975782633,nan,4
717,0.7716999389231205,3.957599983550608,1.1978000402450562,5.9408999513834715,nan,4
718,0.7891999557614326,4.394300049170852,0.8708999957889318,6.081599975004792,nan,2
719,0.8287000237032771,4.290700075216591,1.0141999227926135,6.145799998193979,nan,3
720,0.7570999441668391,3.7848000647500157,1.1076999362558126,5.662699928507209,nan,2
721,0.8078999817371368,3.9567999774590135,0.6652999436482787,5.445099901407957,nan,1
722,0.7443999638780951,3.701500012539327,0.6366000743582845,5.0953000318259,nan,1
723,10.283899959176779,4.150700056925416,0.9031000081449747,15.367800020612776,nan,2
724,0.7651000050827861,4.2640999890863895,1.0634999489411712,6.101700011640787,nan,3
725,0.7879000622779131,4.107899963855743,0.8480000542476773,5.753300036303699,nan,2
726,0.7437000749632716,4.588800016790628,0.8517999667674303,6.19310000911355,nan,2
727,0.7529999129474163,3.858499927446246,0.6552000995725393,5.275300005450845,nan,1
728,0.799400033429265,4.300700034946203,0.8515999652445316,5.961299990303814,nan,2
729,0.7665000157430768,3.702700021676719,0.8590000215917826,5.337200011126697,nan,2
730,0.8030000608414412,3.907000063918531,0.8340999484062195,5.565600004047155,nan,2
731,0.7784001063555479,3.7497999146580696,0.8819000795483589,5.423900089226663,nan,2
732,0.763599993661046,3.8969999877735972,1.1523000430315733,5.821999977342784,nan,3
733,0.8008000440895557,4.549799952656031,1.091900048777461,6.456600036472082,nan,3
734,0.7969000143930316,4.057500045746565,0.8585000177845359,5.724900052882731,nan,2
735,0.7828000234439969,4.3018999276682734,1.0939000640064478,6.188300088979304,nan,3
736,0.7628999883309007,3.826800035312772,0.9066000347957015,5.510300048626959,nan,2
737,0.8004999253898859,3.97209997754544,1.0356999700888991,5.822799983434379,nan,3
738,0.7486999966204166,4.5532999793067575,0.8594000246375799,6.174400099553168,nan,2
739,0.8050999604165554,3.9524000603705645,1.0101000079885125,5.777399986982346,nan,3
740,0.7717000553384423,4.361600033007562,1.0705000022426248,6.212800042703748,nan,3
741,0.7933999877423048,3.984999959357083,1.2529999949038029,6.047899951227009,nan,4
742,0.7723000599071383,3.9923000149428844,1.0044999653473496,5.777899990789592,nan,3
743,0.7783999899402261,4.347000038251281,1.169299939647317,6.303899921476841,nan,4
744,0.7741999579593539,3.910600091330707,1.1845999397337437,5.878699943423271,nan,4
745,0.7560000522062182,4.133200040087104,1.1878999648615718,6.085800006985664,nan,4
746,0.794700114056468,3.8116000359877944,1.2025999603793025,5.818700068630278,nan,4
747,0.7786999922245741,3.8654999807476997,1.0119000216946006,5.677400040440261,nan,3
748,0.7748999632894993,4.193099914118648,1.1030000168830156,6.080099963583052,nan,3
749,0.8149000350385904,4.130600020289421,1.0627000592648983,6.018200074322522,nan,3
750,0.7748999632894993,4.359700018540025,1.0013000573962927,6.150000030174851,nan,3
751,0.7871000561863184,4.0120999328792095,1.0682001011446118,5.88070007506758,nan,3
752,0.7513000164180994,3.832500078715384,1.5421999851241708,6.1388000613078475,nan,6
753,0.7395000429823995,4.2486999882385135,0.8570000063627958,5.854099988937378,nan,2
754,0.7884999504312873,3.8554000202566385,0.9986000368371606,5.655899993143976,nan,3
755,0.7605999708175659,4.435899900272489,0.8221000898629427,6.032900069840252,nan,2
756,0.7708000484853983,4.025899921543896,0.6523000774905086,5.462100030854344,nan,1
757,0.8055999642238021,3.9668999379500747,0.6492000538855791,5.4438000079244375,nan,1
758,0.7670000195503235,3.738700062967837,0.8350999560207129,5.350199993699789,nan,2
759,0.7649000035598874,4.264999995939434,1.1892999755218625,6.228500045835972,nan,4
760,0.8010000456124544,4.216199973598123,1.2181000784039497,6.245200056582689,nan,4
761,0.7507000118494034,3.818799974396825,1.256300020031631,5.835199961438775,nan,4
762,0.7700000423938036,4.139200085774064,1.2101999018341303,6.1289999866858125,nan,4
763,0.8216999704018235,3.7478000158444047,1.3473000144585967,5.9266999596729875,nan,4
764,0.7541000377386808,3.9425999857485294,1.2101000174880028,5.916399997659028,nan,4
765,0.7940999930724502,4.242499941028655,1.2299000518396497,6.276100059039891,nan,4
766,0.7562000537291169,3.7815000396221876,1.2051999801769853,5.752800032496452,nan,4
767,1.0336000705137849,4.114700015634298,1.2707000132650137,6.444400059990585,nan,4
768,0.8045999566093087,3.9294000016525388,1.2719999067485332,6.01509993430227,nan,4
769,0.7916999747976661,4.2943001026287675,1.41179992351681,6.507999962195754,nan,5
770,0.7858999306336045,4.718899959698319,1.39849993865937,6.913399905897677,nan,5
771,0.7772999815642834,3.9308000123128295,1.4908999437466264,6.211899919435382,nan,3
772,0.8066000882536173,4.368999972939491,1.269600004889071,6.467300001531839,nan,4
773,0.7972000166773796,4.567999974824488,1.4733000425621867,6.852200021967292,nan,5
774,0.7595999632030725,4.317000042647123,1.2115000281482935,6.302200024947524,nan,3
775,0.8150000358000398,4.045999958179891,0.8723000064492226,5.747999995946884,nan,2
776,0.7957000052556396,4.395699943415821,1.2398000108078122,6.444200058467686,nan,4
777,0.7613000925630331,3.985099960118532,1.0504000820219517,5.8067000936716795,nan,3
778,0.7853000424802303,4.1989999590441585,1.0395999997854233,6.034399964846671,nan,3
779,0.7499000057578087,3.9915000088512897,0.8753000292927027,5.626099999062717,nan,2
780,0.7717000553384423,3.9247999666258693,0.849700067192316,5.558000062592328,nan,2
781,0.7651000050827861,4.0469999657943845,0.8648000657558441,5.690200021490455,nan,2
782,0.8372999727725983,3.9640000322833657,1.0722000151872635,5.890000029467046,nan,3
783,0.7812000112608075,4.3493000557646155,1.0322999441996217,6.191899999976158,nan,3
784,0.7651000050827861,3.9281999925151467,1.0442000348120928,5.751200020313263,nan,3
785,0.8039000676944852,4.071899922564626,1.0628000600263476,5.967200035229325,nan,3
786,0.7587000727653503,3.903399920091033,1.0949000716209412,5.771400057710707,nan,3
787,0.7820000173524022,4.1683000745251775,0.856999889947474,5.835599964484572,nan,2
788,0.8178999414667487,4.141999990679324,0.7026999955996871,5.683599971234798,nan,1
789,0.7963000098243356,3.7352999206632376,0.6787000456824899,5.231400020420551,nan,1
790,0.7673000218346715,4.741299897432327,0.7009000983089209,6.218200083822012,nan,1
791,0.7902999641373754,3.7391999503597617,0.6871999939903617,5.237899953499436,nan,1
792,0.7980000227689743,3.744100104086101,1.0256998939439654,5.578499985858798,nan,2
793,0.7608999731019139,3.69380007032305,0.7221999112516642,5.186999915167689,nan,1
794,0.8148000342771411,3.9401999674737453,0.8576000109314919,5.633600056171417,nan,2
795,0.7814000127837062,4.073400050401688,0.7111999439075589,5.575899966061115,nan,1
796,0.7796999998390675,3.827099921181798,0.6885000038892031,5.305300001055002,nan,1
797,0.7968000136315823,4.2149999644607306,0.6960000609979033,5.717399995774031,nan,1
798,0.7744999602437019,3.9124999893829226,0.8776999311521649,5.5735999485477805,nan,2
799,0.8225999772548676,4.114100011065602,0.7017999887466431,5.648899939842522,nan,1
800,0.7740999571979046,3.777100006118417,0.6908999057486653,5.251199938356876,nan,1
801,0.7789999945089221,4.220000002533197,0.6946000503376126,5.703100003302097,nan,1
802,0.7891999557614326,3.815299947746098,1.070900005288422,5.684399977326393,nan,2
803,0.7866000523790717,4.1677000699564815,0.9126999648287892,5.877200048416853,nan,2
804,0.853499979712069,4.183600074611604,0.8781999349594116,5.925399949774146,nan,2
805,0.7657000096514821,3.754899953491986,0.6909000221639872,5.220299935899675,nan,1
806,0.7798000006005168,4.320499952882528,0.8578000124543905,5.967200035229325,nan,2
807,0.7726000621914864,3.7359000416472554,0.8499999530613422,5.367700010538101,nan,2
808,0.8087001042440534,3.819999983534217,0.8769000414758921,5.530500086024404,nan,2
809,0.7583999540656805,3.8050999864935875,0.9981000330299139,5.570600042119622,nan,2
810,0.7895000744611025,3.7968000397086143,0.8479999378323555,5.4552999790757895,nan,2
811,0.7522000232711434,3.6681999918073416,1.0707000037655234,5.500199971720576,nan,3
812,0.757400062866509,4.05820005107671,1.0359999723732471,5.860700039193034,nan,3
813,0.7449000841006637,4.15010005235672,1.0395999997854233,5.943200085312128,nan,3
814,0.7657000096514821,3.9010000182315707,1.079399953596294,5.754899932071567,nan,3
815,0.775399967096746,3.9722000947222114,1.039499999023974,5.796500016003847,nan,3
816,0.7772999815642834,3.7637000204995275,1.0613000486046076,5.611300002783537,nan,3
817,0.7664000149816275,4.01959998998791,1.055200002156198,5.850899964570999,nan,3
818,0.7867999374866486,4.1220000712201,0.8666999638080597,5.784699926152825,nan,2
819,0.7690000347793102,3.7554000737145543,1.0599000379443169,5.5933000985533,nan,3
820,0.7469999836757779,4.4253000523895025,0.8548999903723598,6.036499980837107,nan,2
821,0.7680000271648169,3.799600061029196,0.8509999606758356,5.427700001746416,nan,2
822,0.7673000218346715,3.856699913740158,0.8444000268355012,5.477400030940771,nan,2
823,0.7593000773340464,4.060500068590045,1.079399953596294,5.908000050112605,nan,3
824,0.8609999204054475,3.8551000179722905,1.005499972961843,5.742399953305721,nan,3
825,0.7668000180274248,3.9365000557154417,1.17790000513196,5.890500033274293,nan,3
826,0.7722999434918165,4.457500064745545,1.0148000437766314,6.254800013266504,nan,3
827,0.764199998229742,4.832000005990267,1.0559000074863434,6.66119996458292,nan,3
828,0.7540000369772315,4.645600100047886,1.1129999766126275,6.5215000649914145,nan,3
829,0.7857000455260277,3.9022000273689628,1.0351999662816525,5.73229999281466,nan,3
830,0.8067999733611941,4.370899987407029,1.6465000808238983,6.833999999798834,nan,3
831,0.7852999260649085,3.882799996063113,1.0093000018969178,5.6980999652296305,nan,3
832,0.8067999733611941,3.857900039292872,1.0133999167010188,5.6995999766513705,nan,3
833,0.7778999861329794,4.447099985554814,1.115199993364513,6.3489999156445265,nan,3
834,0.7642999989911914,3.8159999530762434,0.8508999599143863,5.440899985842407,nan,2
835,0.762099982239306,4.469400038942695,1.0360999731346965,6.276499945670366,nan,3
836,0.8176000555977225,3.958999994210899,1.067899982444942,5.856100004166365,nan,3
837,0.8538999827578664,3.9901999989524484,1.0320000583305955,5.892200046218932,nan,3
838,0.7749000797048211,3.824500017799437,1.13769993185997,5.7471999898552895,nan,3
839,0.7694999221712351,3.91440000385046,1.030400046147406,5.72779995854944,nan,3
840,0.7540000369772315,4.177200025878847,1.0224999859929085,5.967000033706427,nan,3
841,0.8128999033942819,3.80619999486953,0.8723000064492226,5.502799991518259,nan,2
842,0.7575999479740858,4.347299924120307,0.8729000110179186,5.986899952404201,nan,2
843,0.7743999594822526,4.046300076879561,1.093599945306778,5.923799937590957,nan,3
844,0.7829000242054462,4.000900080427527,1.055200002156198,5.849000066518784,nan,3
845,0.7725999457761645,4.133299924433231,0.8604000322520733,5.7752999709919095,nan,2
846,0.7820000173524022,3.819399978965521,0.9062999160960317,5.517299985513091,nan,2
847,0.7928999839350581,4.311900003813207,0.8368999697268009,5.951199913397431,nan,2
848,0.7530999137088656,3.8127999287098646,0.8344000671058893,5.409199977293611,nan,2
849,0.7588000735267997,4.118400043807924,0.9014999959617853,5.787500063888729,nan,2
850,0.7839000318199396,3.8476999616250396,1.1209000367671251,5.76189998537302,nan,3
851,0.8182000601664186,4.003899986855686,1.0679999832063913,5.900499993003905,nan,3
852,0.7480999920517206,4.793600062839687,1.614099950529635,7.165099959820509,nan,4
853,0.8781999349594116,4.6860999427735806,1.0813999688252807,6.657899939455092,nan,3
854,0.7785001071169972,4.192800028249621,1.241500023752451,6.222300115041435,nan,4
855,0.7807000074535608,4.7191999619826674,1.2603000504896045,6.769599975086749,nan,4
856,0.7978000212460756,3.968500066548586,0.817399937659502,5.611600005067885,nan,2
857,0.8006999269127846,4.531100043095648,0.7319999858736992,6.076399935409427,nan,1
858,0.7649000035598874,3.905199933797121,0.7581000681966543,5.4425999987870455,nan,1
859,0.7957000052556396,4.2640999890863895,0.8396999910473824,5.911099957302213,nan,1
860,0.8646000642329454,5.07449998985976,0.9194000158458948,6.870800047181547,nan,2
861,0.7983000250533223,3.939799964427948,0.8723000064492226,5.623699980787933,nan,2
862,0.7479999912902713,4.287100047804415,0.6920000305399299,5.736500024795532,nan,1
863,0.7859000470489264,2.9657999984920025,0.42399996891617775,4.188799997791648,nan,0
864,0.7366000209003687,4.210299928672612,0.6863001035526395,5.646000034175813,nan,1
865,0.7809000089764595,3.8774999557062984,0.6945000495761633,5.367300007492304,nan,1
866,0.7928000995889306,3.9154000114649534,0.6837999681010842,5.41990005876869,nan,1
867,0.7923000957816839,3.705799928866327,0.7371000247076154,5.248400033451617,nan,1
868,0.7581999525427818,4.009200027212501,0.6735000060871243,5.466899950988591,nan,1
869,0.7601000834256411,4.054200020618737,0.6925000343471766,5.5163000943139195,nan,1
870,0.7513000164180994,3.912299987860024,0.973000074736774,5.649100057780743,nan,2
871,0.8036999497562647,4.4302999740466475,0.9001999860629439,6.152299931272864,nan,2
872,0.7634999928995967,3.8069000001996756,0.8829999715089798,5.480399937368929,nan,2
873,0.7733999518677592,4.263599985279143,0.883400090970099,5.935200024396181,nan,2
874,0.7789999945089221,3.7403000751510262,0.8647999493405223,5.393399973399937,nan,2
875,0.7729000644758344,3.917100024409592,1.0500999633222818,5.749800009652972,nan,3
876,0.76149997767061,4.306499962694943,1.0773000540211797,6.15449994802475,nan,3
877,0.7877000607550144,4.099500016309321,0.8651999523863196,5.761799984611571,nan,2
878,0.7763999747112393,4.605900030583143,0.8925000438466668,6.2837000004947186,nan,2
879,0.7832000264897943,3.797799930907786,0.6852000951766968,5.276200012303889,nan,1
880,0.8084999863058329,3.8143000565469265,0.6905999034643173,5.328599945642054,nan,1
881,0.7713999366387725,3.9209999376907945,0.7433000719174743,5.444800015538931,nan,1
882,0.803199945949018,3.903099917806685,0.6842000875622034,5.400900030508637,nan,1
883,0.7671000203117728,4.256000043824315,0.7040000054985285,5.7363000232726336,nan,1
884,0.7336999988183379,3.8779000751674175,0.879499944858253,5.499899969436228,nan,2
885,0.7915000896900892,4.074599943123758,0.6625000387430191,5.538800032809377,nan,1
886,0.7935999892652035,3.7266999715939164,0.6876999977976084,5.216900026425719,nan,1
887,0.7349998923018575,4.288099939003587,0.8857999928295612,5.9174998896196485,nan,2
888,0.762399984523654,3.688500029966235,0.837799976579845,5.297699943184853,nan,2
889,0.7693000370636582,3.8809000980108976,1.4109999174252152,6.071900017559528,nan,3
890,0.8111000061035156,3.910499974153936,1.1440999805927277,5.887200008146465,nan,3
891,0.7659000111743808,3.8623999571427703,0.8469000458717346,5.48510008957237,nan,2
892,0.7707999320700765,4.305899958126247,1.1162000009790063,6.201699958182871,nan,3
893,0.8371000876650214,3.88029997702688,0.8708999957889318,5.59900002554059,nan,2
894,0.7400000467896461,4.214700078591704,1.0435000294819474,6.007000105455518,nan,3
895,0.7659000111743808,4.567000083625317,1.1226999340578914,6.464899983257055,nan,3
896,0.8046000730246305,3.946600016206503,1.0397000005468726,5.811600014567375,nan,3
897,0.7747000781819224,3.8302999455481768,1.3813000405207276,5.99610002245754,nan,2
898,0.8217000868171453,4.0463999612256885,0.7250000489875674,5.606100079603493,nan,1
899,0.7835000287741423,4.334100056439638,1.0732999071478844,6.199999945238233,nan,3
900,0.7677999092265964,3.9012000197544694,1.1623000027611852,5.840700003318489,nan,3
901,0.7857000455260277,3.8850000128149986,1.0606000432744622,5.741600063629448,nan,3
902,0.7599999662488699,4.084100015461445,1.0417000157758594,5.894899950362742,nan,3
903,0.7788999937474728,4.2134999530389905,1.055200002156198,6.057600025087595,nan,3
904,0.7579999510198832,4.340300103649497,0.8454999187961221,5.9538999339565635,nan,2
905,0.7519999053329229,3.673100029118359,1.0349999647587538,5.469099967740476,nan,3
906,0.9713000617921352,3.819200093857944,0.8695999858900905,5.6813000701367855,nan,2
907,0.7744999602437019,3.6479999544098973,1.1231000535190105,5.555200041271746,nan,3
908,0.7932999869808555,3.7606999976560473,1.1672000400722027,5.742299952544272,nan,2
909,0.7555000483989716,3.9431999903172255,1.0591000318527222,5.7697000447660685,nan,3
910,0.737000023946166,3.859899938106537,0.8511999621987343,5.456999992020428,nan,2
911,0.7457999745383859,4.15010005235672,0.8277000160887837,5.7357000187039375,nan,2
912,0.7946999976411462,3.6989999935030937,0.6467000348493457,5.153500009328127,nan,1
913,0.7472999859601259,3.8722000317648053,0.6893000099807978,5.321500007994473,nan,1
914,0.7573999464511871,3.880700096487999,0.8760999189689755,5.527599947527051,nan,2
915,0.8120000129565597,4.13499993737787,0.8847999852150679,5.860699922777712,nan,2
916,0.7656000088900328,3.7703000707551837,0.9221999207511544,5.468399962410331,nan,2
917,0.7717999396845698,3.892800072208047,0.8657999569550157,5.540399928577244,nan,2
918,0.7712999358773232,3.765599918551743,0.8847999852150679,5.43129991274327,nan,2
919,0.7816000143066049,3.8262999150902033,0.6723999977111816,5.295399925671518,nan,1
920,0.7609999738633633,4.607500042766333,0.889600021764636,6.267599994316697,nan,2
921,0.7618000963702798,3.763600019738078,0.6586998933926225,5.196799989789724,nan,1
922,0.7315999828279018,4.038400016725063,0.6756000220775604,5.4576999973505735,nan,1
923,0.8079999824985862,4.088700050488114,1.096899970434606,6.010500015690923,nan,3
924,0.8093999931588769,3.9353000465780497,1.0714998934417963,5.826599895954132,nan,3
925,0.7780999876558781,4.098400007933378,1.0655000805854797,5.952000035904348,nan,3
926,0.7574999472126365,3.8880999200046062,1.0468000546097755,5.705300020053983,nan,3
927,0.757700065150857,4.081699997186661,1.0451999260112643,5.897299968637526,nan,3
928,0.7727999472990632,3.979100030846894,1.0700999991968274,5.832000053487718,nan,3
929,0.8570000063627958,3.9012000197544694,1.0780999436974525,5.8518999721854925,nan,3
930,0.748799997381866,3.7071999395266175,1.1471000034362078,5.612200009636581,nan,3
931,0.8227999787777662,3.9829000597819686,1.074700034223497,5.895300069823861,nan,3
932,0.7707999320700765,4.0445999475196,1.0329000651836395,5.856900010257959,nan,3
933,0.7798000006005168,3.757400088943541,1.0403000051155686,5.587100051343441,nan,3
934,0.7541000377386808,4.295499995350838,1.0456000454723835,6.1039000283926725,nan,3
935,0.7712000515311956,3.6569000221788883,1.0717000113800168,5.508800037205219,nan,3
936,0.7909999694675207,3.8984999991953373,1.0829000966623425,5.781700019724667,nan,3
937,0.7810000097379088,3.8322999607771635,1.0953000746667385,5.718200001865625,nan,3
938,0.7589999586343765,3.75000003259629,0.6856999825686216,5.203900043852627,nan,1
939,0.7687000324949622,4.717900068499148,0.9727999567985535,6.468400009907782,nan,2
940,0.8066999725997448,3.8749000523239374,0.8923999266698956,5.595399998128414,nan,2
941,0.7770999800413847,3.8494999753311276,0.9063000325113535,5.5448999628424644,nan,2
942,0.7878000615164638,3.694599959999323,0.8741000201553106,5.369900027289987,nan,2
943,0.7723999442532659,3.7684000562876463,0.7029999978840351,5.257599987089634,nan,1
944,0.7510000141337514,3.845500061288476,1.1283999774605036,5.738200037740171,nan,2
945,0.8275000145658851,4.254700033925474,0.7156999781727791,5.81090000923723,nan,1
946,0.7866000523790717,4.060200066305697,0.7085999241098762,5.565700004808605,nan,1
947,0.8062999695539474,3.999499953351915,0.7064000237733126,5.526499939151108,nan,1
948,0.8310999255627394,4.35589998960495,0.7101999362930655,5.907799932174385,nan,1
949,0.7875999435782433,3.857300034724176,0.6726999999955297,5.328099941834807,nan,1
950,0.7628999883309007,4.233899991959333,0.8694999851286411,5.879999953322113,nan,2
951,0.7705000462010503,3.7938000168651342,0.8991999784484506,5.475700017996132,nan,2
952,0.7752999663352966,3.8335000863298774,1.053099986165762,5.676000029779971,nan,3
953,0.8080999832600355,4.145700018852949,1.1440999805927277,6.118500023148954,nan,3
954,0.7898000767454505,4.035599995404482,1.1002999963238835,5.937200039625168,nan,3
955,0.8078999817371368,4.496300010941923,1.083299983292818,6.397900055162609,nan,3
956,0.7779999868944287,3.9423000998795033,0.8619999280199409,5.596800008788705,nan,2
957,0.7824000203981996,3.9006000151857734,0.8805000688880682,5.5787001037970185,nan,2
958,0.7935999892652035,4.313400015234947,0.8915000362321734,6.0125000309199095,nan,2
959,0.7903999648988247,3.8678001146763563,1.045399927534163,5.717099993489683,nan,3
960,0.7519999053329229,4.342900007031858,1.427199924364686,6.534999934956431,nan,2
961,0.8268000092357397,4.359000013209879,0.7733000675216317,5.9775999980047345,nan,1
962,0.9061000309884548,4.153199959546328,0.7111000595614314,5.800000042654574,nan,1
963,0.8082999847829342,4.543100018054247,0.9093000553548336,6.274200044572353,nan,2
964,0.8123000152409077,4.153999965637922,0.9069000370800495,5.883199977688491,nan,2
965,0.7605999708175659,4.429599968716502,0.987200066447258,6.186600076034665,nan,2
966,0.7953000022098422,3.954599960707128,0.9272000752389431,5.687299999408424,nan,2
967,0.811500009149313,3.9688999531790614,0.9550000540912151,5.756500060670078,nan,2
968,0.7538000354543328,4.043900058604777,1.0316999396309257,5.838699988089502,nan,2
969,0.8151000365614891,4.058800055645406,0.8947999449446797,5.778899998404086,nan,2
970,0.763899995945394,4.299100022763014,0.892199925146997,5.964400013908744,nan,2
971,0.8339999476447701,3.8276000414043665,0.8774000452831388,5.548799992538989,nan,2
972,0.7849999237805605,4.077799967490137,0.8731000125408173,5.744799971580505,nan,2
973,0.7588000735267997,3.8366999942809343,0.8570000063627958,5.461500026285648,nan,2
974,0.8852999890223145,4.00029995944351,1.0577000211924314,5.968200042843819,nan,3
975,0.7881999481469393,4.007500014267862,1.06819998472929,5.87310001719743,nan,3
976,0.785200041718781,4.173499997705221,0.8555999957025051,5.8234999887645245,nan,2
977,0.7972000166773796,4.305200069211423,0.8571000071242452,5.968600045889616,nan,2
978,0.775099964812398,3.800499951466918,1.0566000128164887,5.641199997626245,nan,3
979,0.8037000661715865,4.0689000161364675,0.8691999828442931,5.752300028689206,nan,2
980,0.8017000509425998,3.807300003245473,1.0963000822812319,5.714500090107322,nan,3
981,0.7742999587208033,4.19910007622093,0.6756999064236879,5.658999900333583,nan,1
982,0.7615999784320593,4.266600008122623,0.8700999896973372,5.90699992608279,nan,2
983,0.8036000654101372,3.698199987411499,0.8791000582277775,5.3900000639259815,nan,2
984,0.7844000356271863,4.550500074401498,1.0038999607786536,6.348300026729703,nan,2
985,0.7841000333428383,3.9102999726310372,0.8554999949410558,5.559899960644543,nan,2
986,0.80289994366467,3.9871999761089683,0.8497999515384436,5.6619999231770635,nan,2
987,0.7469000993296504,3.8316999562084675,1.0921000503003597,5.6798000587150455,nan,3
988,0.7780999876558781,4.050999996252358,1.0266999015584588,5.865399958565831,nan,3
989,0.7515999022871256,4.10120002925396,0.8449999149888754,5.706599913537502,nan,2
990,0.7824999047443271,3.917100024409592,0.8751999121159315,5.584399914368987,nan,2
991,0.7951000006869435,4.257599939592183,1.037200097925961,6.098899990320206,nan,3
992,0.7710999343544245,3.847799962386489,1.0526999831199646,5.680699949152768,nan,3
993,0.8047999581322074,3.883900004439056,1.0557998903095722,5.765899899415672,nan,3
994,0.7359000155702233,4.183000070042908,0.8631999371573329,5.790599971078336,nan,2
995,0.7730000652372837,3.6970999790355563,1.1344000231474638,5.613200017251074,nan,2
996,0.7916000904515386,4.369799979031086,0.8431000169366598,6.021300097927451,nan,2
997,0.8049999596551061,3.8020999636501074,0.8627999341115355,5.481599946506321,nan,2
998,0.7708000484853983,4.000899964012206,1.033599954098463,5.818599951453507,nan,3
999,0.7528000278398395,3.8059999933466315,1.052199979312718,5.6226999731734395,nan,3
1000,0.7698999252170324,3.857900039292872,1.0653999634087086,5.707499920390546,nan,3
1001,0.7604999700561166,4.411600064486265,0.8982999715954065,6.083999993279576,nan,2
1002,0.8038000669330359,3.923799959011376,0.8659000741317868,5.6035000598058105,nan,2
1003,0.7579000666737556,4.135199938900769,0.8541001006960869,5.75770006980747,nan,2
1004,0.8447000291198492,3.9240000769495964,1.0113000171259046,5.800700047984719,nan,3
1005,0.7854000432416797,3.8478999631479383,0.8509999606758356,5.498699960298836,nan,2
1006,0.7899999618530273,3.8249000208452344,1.0655000805854797,5.705800023861229,nan,2
1007,0.7820000173524022,3.8950000889599323,0.8571000071242452,5.548100103624165,nan,2
1008,0.7574999472126365,3.93070001155138,0.6804000586271286,5.383400013670325,nan,1
1009,0.7825000211596489,3.9465000154450536,0.8517999667674303,5.608899984508753,nan,2
1010,0.7923999801278114,4.422500031068921,0.8760999189689755,6.106099928729236,nan,2
1011,0.7946999976411462,3.8981999969109893,0.8647000649943948,5.57250005658716,nan,2
1012,0.7443999638780951,4.237000015564263,0.8342000655829906,5.828200024552643,nan,2
1013,0.7782999891787767,3.760899999178946,0.8925000438466668,5.444500013254583,nan,2
1014,0.763599993661046,3.76909994520247,0.8486999431625009,5.3940999787300825,nan,2
1015,0.8178999414667487,3.796400036662817,0.8795999456197023,5.512399948202074,nan,2
1016,0.7899999618530273,3.9099999703466892,0.8307000389322639,5.543499952182174,nan,2
1017,0.7562999380752444,4.14099998306483,0.9277000790461898,5.836599972099066,nan,2
1018,0.8243999909609556,3.9406000869348645,0.997499912045896,5.790599971078336,nan,3
1019,0.750900013372302,4.49090008623898,1.0127999121323228,6.275599938817322,nan,3
1020,0.7809000089764595,4.072100040502846,1.1625998886302114,6.0295999282971025,nan,3
1021,0.7732999511063099,3.9412000915035605,0.8270998951047659,5.555299925617874,nan,2
1022,0.7622999837622046,3.949600039049983,1.0122000239789486,5.737400031648576,nan,3
1023,0.8438000222668052,3.9993999525904655,0.8388999849557877,5.712099955417216,nan,2
1024,0.7957000052556396,4.546100040897727,1.0730999056249857,6.429299945011735,nan,3
1025,0.763599993661046,4.017299972474575,1.1039000237360597,5.899099982343614,nan,3
1026,0.8252999978139997,3.970799967646599,0.8691000984981656,5.692500039003789,nan,2
1027,0.7523000240325928,3.8216999964788556,0.8400999940931797,5.425799987278879,nan,2
1028,0.788699951954186,4.178000031970441,0.8610999211668968,5.8417998952791095,nan,2
1029,0.8027999429032207,4.6181000070646405,0.91559998691082,6.350999930873513,nan,2
1030,0.7716999389231205,3.7727999733760953,0.8466999279335141,5.403499933890998,nan,2
1031,0.7867999374866486,5.107900011353195,1.1587999761104584,7.0850999327376485,nan,2
1032,0.8560999995097518,5.008300067856908,0.878899940289557,6.761399912647903,nan,2
1033,0.7884999504312873,4.546000040136278,1.1152999941259623,6.464299978688359,nan,3
1034,0.8366999682039022,4.285099916160107,1.1143999872729182,6.248499965295196,nan,3
1035,0.7655000081285834,4.116699914447963,1.3734000967815518,6.271000020205975,nan,4
1036,0.7890999549999833,4.125499981455505,1.2462999438866973,6.172999972477555,nan,4
1037,0.7504998939111829,4.383099963888526,1.3552999589592218,6.5024999203160405,nan,5
1038,0.7842999184504151,4.5368000864982605,2.096200012601912,7.432100013829768,nan,5
1039,0.812400016002357,4.005499999038875,1.1902999831363559,6.019099964760244,nan,4
1040,0.7736999541521072,4.834400024265051,1.393200014717877,7.01539998408407,nan,5
1041,0.7658000104129314,3.955499967560172,1.4886000426486135,6.224100012332201,nan,5
1042,0.8307000389322639,3.9227999513968825,1.0175000643357635,5.785600049421191,nan,3
1043,0.8306000381708145,4.2749999556690454,1.26550009008497,6.399900070391595,nan,4
1044,0.763599993661046,3.8681000005453825,1.2405000161379576,5.881999968551099,nan,4
1045,0.817099935375154,4.28039999678731,1.4408999122679234,6.564699928276241,nan,5
1046,0.7861999329179525,4.070600029081106,1.4178999699652195,6.288899923674762,nan,5
1047,0.7783999899402261,3.9604000048711896,1.419799984432757,6.1694999458268285,nan,5
1048,0.7592999609187245,4.582999972626567,1.4586999313905835,6.813099957071245,nan,5
1049,0.8281999034807086,3.8994000060483813,1.3140999944880605,6.053399993106723,nan,4
1050,0.7677000248804688,4.269300028681755,1.2347999727353454,6.281499983742833,nan,4
1051,0.7678000256419182,4.225200042128563,1.0260000126436353,6.028000032529235,nan,3
1052,0.748499995097518,3.7372999358922243,1.0323000606149435,5.527300061658025,nan,3
1053,0.7476999890059233,4.279700107872486,1.107499934732914,6.1437999829649925,nan,3
1054,0.8117000106722116,3.8284999318420887,1.0714000090956688,5.721300025470555,nan,3
1055,0.7887000683695078,4.11740003619343,1.0634999489411712,5.978900007903576,nan,3
1056,0.7792999967932701,4.065799992531538,1.2372999917715788,6.092000054195523,nan,4
1057,0.7457999745383859,3.8160999538376927,1.0061999782919884,5.577199975959957,nan,3
1058,0.7645000005140901,4.318900057114661,1.2296999339014292,6.3218999421224,nan,4
1059,0.7808000082150102,3.7116999737918377,1.1576999677345157,5.659900023601949,nan,3
1060,0.8030999451875687,3.854300011880696,1.045699929818511,5.713299964554608,nan,3
1061,0.7610000902786851,4.066099994815886,1.2647999683395028,6.100800004787743,nan,4
1062,0.7948999991640449,3.8186999736353755,1.0322000598534942,5.655999993905425,nan,3
1063,0.7401000475510955,4.521599970757961,0.8170000510290265,6.087600020691752,nan,1
1064,0.8271000115200877,3.931900020688772,0.8627999341115355,5.640099989250302,nan,2
1065,0.9310999885201454,3.8714000256732106,0.8601999143138528,5.694899940863252,nan,2
1066,0.7508000126108527,3.8247000193223357,0.8912999182939529,5.47879992518574,nan,2
1067,0.775399967096746,3.931200015358627,0.8634000550955534,5.581800010986626,nan,2
1068,0.7433000719174743,4.042499931529164,1.0426000226289034,5.839799996465445,nan,3
1069,0.7885999511927366,4.088300047442317,1.07999995816499,5.97069994546473,nan,3
1070,0.7863999344408512,4.277900094166398,0.8579998975619674,5.933899898082018,nan,2
1071,0.7845000363886356,3.783699939958751,1.3735999818891287,5.954699940048158,nan,4
1072,0.8008999284356833,3.9767000125721097,1.2887000339105725,6.094599957577884,nan,4
1073,0.7534000324085355,4.007300012744963,1.0872000129893422,5.8620000490918756,nan,3
1074,0.7582000689581037,3.8348999805748463,1.267499988898635,5.871400004252791,nan,4
1075,0.7946999976411462,4.520599963143468,1.055500004440546,6.381199928000569,nan,3
1076,0.7469999836757779,3.805899992585182,1.2963999761268497,5.862799938768148,nan,4
1077,0.7674999069422483,3.968200064264238,1.0661999695003033,5.815599928610027,nan,3
1078,0.7637999951839447,4.032599972561002,1.0102000087499619,5.817099940031767,nan,3
1079,0.7581999525427818,3.911999985575676,1.2402000138536096,5.9198999078944325,nan,4
1080,0.7667000172659755,4.32319997344166,1.2372999917715788,6.339899962767959,nan,4
1081,0.7705999305471778,3.6973999813199043,1.3377999421209097,5.826699896715581,nan,4
1082,0.7909999694675207,4.039400024339557,1.2280000373721123,6.074000033549964,nan,4
1083,0.747899990528822,4.028699942864478,1.2623000657185912,6.048700073733926,nan,4
1084,0.7552000461146235,3.813199931755662,1.0961000807583332,5.676900036633015,nan,3
1085,0.7545000407844782,4.098600009456277,1.047499943524599,5.9136999770998955,nan,3
1086,0.7643999997526407,3.7620000075548887,0.8495999500155449,5.388299934566021,nan,2
1087,0.7609999738633633,3.885700018145144,0.8747000247240067,5.537100019864738,nan,2
1088,0.77629997394979,3.9805000415071845,0.9736999636515975,5.743699963204563,nan,2
1089,0.8144999155774713,3.9713000878691673,0.8685999782755971,5.667799967341125,nan,2
1090,0.7604000857099891,4.4507000129669905,0.8737000171095133,6.094300071708858,nan,2
1091,0.7812000112608075,3.7856000708416104,0.8553999941796064,5.432400037534535,nan,2
1092,0.763599993661046,4.438400035724044,0.9255999466404319,6.143099977634847,nan,2
1093,0.8098999969661236,3.882099990732968,1.0769000509753823,5.781000014394522,nan,3
1094,0.7855999283492565,3.914700006134808,0.8476999355480075,5.5729999439790845,nan,2
1095,0.76299998909235,4.45080001372844,0.8945999434217811,6.120799924246967,nan,2
1096,0.8666999638080597,4.079499980434775,0.8613000391051173,5.836199969053268,nan,2
1097,0.7896999595686793,4.369899979792535,0.8587000193074346,6.044299923814833,nan,2
1098,0.7997999200597405,3.9220000617206097,1.0258000111207366,5.763900000602007,nan,3
1099,0.775999971665442,3.907899954356253,1.221699989400804,5.915599991567433,nan,4
1100,0.7539000362157822,3.8386000087484717,1.1414000764489174,5.74290007352829,nan,2
1101,0.8233999833464622,4.08480002079159,0.8677999721840024,5.786000052466989,nan,2
1102,0.7717000553384423,4.121100064367056,0.8504999568685889,5.752700031735003,nan,2
1103,0.7742000743746758,3.9827999426051974,0.8830000879243016,5.648600053973496,nan,2
1104,0.7518000202253461,4.278199980035424,1.0607000440359116,6.0996999964118,nan,3
1105,0.771000050008297,3.940399968996644,1.0535999899730086,5.786000052466989,nan,3
1106,0.8197999559342861,3.8920999504625797,0.9006001055240631,5.633800057694316,nan,2
1107,0.7639999967068434,3.826500033028424,1.1382999364286661,5.7382999220862985,nan,3
1108,0.7882999489083886,3.8501000963151455,1.0624999413266778,5.710299941711128,nan,3
1109,0.7686000317335129,4.29660000372678,1.062300056219101,6.13840005826205,nan,3
1110,0.773400068283081,3.760599996894598,1.0990999871864915,5.653999978676438,nan,3
1111,0.7513000164180994,4.045599955134094,1.0673999786376953,5.873399903066456,nan,3
1112,0.7485999958589673,3.6832999903708696,1.1581000871956348,5.599400028586388,nan,3
1113,0.775399967096746,3.943399991840124,1.084500108845532,5.813200026750565,nan,3
1114,0.7544999243691564,5.081500043161213,1.4486999716609716,7.293600006960332,nan,3
1115,0.8773999288678169,4.946700064465404,1.4652999816462398,7.301099947653711,nan,3
1116,0.7902000797912478,4.170199972577393,1.1033000191673636,6.078800070099533,nan,3
1117,0.800000037997961,4.539099987596273,1.076200045645237,6.427600048482418,nan,3
1118,0.8107000030577183,3.8716000271961093,0.6969000678509474,5.405300064012408,nan,1
1119,0.7648000027984381,4.00930002797395,0.6836999673396349,5.468299961648881,nan,1
1120,0.7821999024599791,3.747199894860387,0.6685000844299793,5.211999989114702,nan,1
1121,0.7737000705674291,3.9540999568998814,1.1138999834656715,5.857400014065206,nan,1
1122,0.8270000107586384,3.9676999440416694,0.7281999569386244,5.550400004722178,nan,1
1123,0.776899978518486,4.033199977129698,0.6819000700488687,5.5062000174075365,nan,1
1124,0.7534000324085355,4.019699990749359,0.7287999615073204,5.514699965715408,nan,1
1125,0.802599941380322,3.875400056131184,0.6842999719083309,5.378699977882206,nan,1
1126,0.7538000354543328,4.1955000488087535,0.6577000021934509,5.621500080451369,nan,1
1127,0.8056000806391239,4.022000008262694,0.6876999977976084,5.527100060135126,nan,1
1128,0.7690000347793102,4.399399971589446,0.7119000656530261,5.8954000705853105,nan,1
1129,0.7818000158295035,3.9915000088512897,0.7662000134587288,5.5541000328958035,nan,1
1130,0.7840999169275165,4.291899967938662,0.7250000489875674,5.818899953737855,nan,1
1131,0.7669000187888741,4.195100045762956,0.7330999942496419,5.707700038328767,nan,1
1132,0.7745000766590238,3.971199970692396,0.7775999838486314,5.53680001758039,nan,1
1133,0.8847999852150679,4.548400058411062,0.7603999692946672,6.204599980264902,nan,1
1134,0.7762000896036625,3.7844000617042184,0.6758999079465866,5.25819999165833,nan,1
1135,0.7808000082150102,4.466500016860664,0.6910000229254365,5.949000013060868,nan,1
1136,0.7714000530540943,3.833599970676005,0.6939000450074673,5.3128000581637025,nan,1
1137,0.8068999741226435,3.8984999991953373,0.6801999406889081,5.404299939982593,nan,1
1138,0.7455999730154872,4.23289998434484,0.7093000458553433,5.699799978174269,nan,1
1139,0.8131000213325024,3.939000074751675,0.6706999847665429,5.437100073322654,nan,1
1140,0.7507000118494034,3.81380005273968,0.8605999173596501,5.438399966806173,nan,2
1141,0.8095999946817756,3.85670003015548,0.9165999945253134,5.609899992123246,nan,2
1142,0.7551000453531742,4.169299965724349,0.8983000880107284,5.837000091560185,nan,2
1143,0.7830000249668956,3.7092999555170536,1.1854000622406602,5.689900019206107,nan,2
1144,0.8552999934181571,4.03310009278357,0.8834999753162265,5.802300060167909,nan,2
1145,0.7708000484853983,3.8218999980017543,1.031499938108027,5.637899972498417,nan,2
1146,0.7837999146431684,4.106299951672554,0.9095999412238598,5.8139999164268374,nan,2
1147,0.7859999313950539,3.955199965275824,0.9051000233739614,5.6594000197947025,nan,2
1148,0.7899999618530273,3.802599967457354,0.874500023201108,5.477100028656423,nan,2
1149,0.7535000331699848,4.709200002253056,0.9082000469788909,6.384600070305169,nan,2
1150,0.8169999346137047,3.7944000214338303,0.8822999661788344,5.514799966476858,nan,2
1151,0.7813000120222569,3.804299980401993,1.0469999397173524,5.642300006002188,nan,2
1152,0.7792999967932701,3.8348999805748463,1.081199967302382,5.705100018531084,nan,3
1153,0.8106000022962689,4.007199895568192,1.036600093357265,5.864100065082312,nan,3
1154,0.7612999761477113,4.102199920453131,0.9569000685587525,5.829600035212934,nan,2
1155,0.767399906180799,3.777100006118417,0.6833999650552869,5.237799952737987,nan,1
1156,0.7822000188753009,4.352299962192774,0.8773999288678169,6.021299981512129,nan,2
1157,0.7903999648988247,4.034800105728209,0.8693999843671918,5.703600007109344,nan,2
1158,0.7996000349521637,3.7335000233724713,0.8924000430852175,5.44640002772212,nan,2
1159,0.7838000310584903,3.5942000104114413,0.9162999922409654,5.303499987348914,nan,2
1160,0.7564000552520156,3.9143000030890107,1.0857000015676022,5.765300011262298,nan,3
1161,0.757700065150857,3.8777999579906464,1.0293000377714634,5.673600011505187,nan,3
1162,0.7628999883309007,4.011200042441487,1.0622999398037791,5.845400039106607,nan,3
1163,0.7449000841006637,4.174100002273917,1.0818999726325274,6.009900011122227,nan,3
1164,0.7603999692946672,3.7558000767603517,1.0622999398037791,5.587399937212467,nan,3
1165,0.7960000075399876,3.931000013835728,0.907299923710525,5.644700024276972,nan,2
1166,0.7766999769955873,3.7841000594198704,1.1178000131621957,5.687500000931323,nan,3
1167,0.7779999868944287,3.924399963580072,0.8732000133022666,5.584899918176234,nan,2
1168,0.7580999517813325,4.452700028195977,0.7029999978840351,5.922499927692115,nan,1
1169,0.7782001048326492,3.7670000456273556,0.887800008058548,5.442100111395121,nan,2
1170,0.754399923607707,4.154699970968068,1.1520000407472253,6.069600000046194,nan,2
1171,0.8139000274240971,3.709200071170926,0.8909999160096049,5.42409997433424,nan,2
1172,0.7757999701425433,3.7419000873342156,0.8462999248877168,5.373099935241044,nan,2
1173,0.7623001001775265,3.6454000510275364,0.6621999200433493,5.079200025647879,nan,1
1174,0.8020999375730753,3.783999942243099,0.6508000660687685,5.25819999165833,nan,1
1175,0.7676000241190195,3.5404000664129853,0.7064999081194401,5.023499950766563,nan,1
1176,0.7806000066921115,3.9241999620571733,0.6654000608250499,5.387100041843951,nan,1
1177,0.7698000408709049,3.9076999528333545,0.7390000391751528,5.425299983471632,nan,1
1178,0.7966000121086836,3.8972999900579453,0.663299928419292,5.366099998354912,nan,1
1179,0.8293000282719731,4.371999995782971,0.7387999212369323,5.95020002219826,nan,1
1180,0.7776001002639532,3.8955999771133065,0.6615000311285257,5.343700060620904,nan,1
1181,0.7408000528812408,4.162500030361116,0.8613000391051173,5.772900069132447,nan,2
1182,0.7584999548271298,4.186799982562661,0.8545999880880117,5.808599991723895,nan,2
1183,0.7961000083014369,3.857300034724176,0.8636000566184521,5.527300061658025,nan,2
1184,0.7654000073671341,3.703800030052662,0.6735000060871243,5.152400000952184,nan,1
1185,0.804099952802062,3.9237000746652484,0.6832999642938375,5.425799987278879,nan,1
1186,0.7788999937474728,3.8962000980973244,0.9159999899566174,5.600100033916533,nan,2
1187,0.7763999747112393,3.8657000986859202,0.6788999307900667,5.333999986760318,nan,1
1188,0.8113998919725418,3.952800063416362,0.6874999962747097,5.483799963258207,nan,1
1189,0.771300052292645,3.7672000471502542,0.6634999299421906,5.215100012719631,nan,1
1190,0.7715999381616712,3.9893999928608537,0.7099000504240394,5.484099965542555,nan,1
1191,0.7948999991640449,3.844499937258661,0.8501999545842409,5.516499979421496,nan,2
1192,0.750900013372302,4.06700000166893,0.6694999756291509,5.500999977812171,nan,1
1193,0.740199931897223,3.7522000493481755,0.6528999656438828,5.157899926416576,nan,1
1194,1.1300999904051423,3.3410999458283186,0.4246999742463231,4.9409999046474695,nan,0
1195,0.7685000309720635,3.836700110696256,0.8624999318271875,5.476500024087727,nan,2
1196,0.7735999533906579,3.892200067639351,0.7420999463647604,5.419899942353368,nan,1
1197,0.7851000409573317,3.7503999192267656,0.6628000410273671,5.214500008150935,nan,1
1198,0.8014000486582518,3.9266999810934067,0.8434000192210078,5.599700030870736,nan,2
1199,0.7480999920517206,3.732500015757978,1.0330000659450889,5.530499969609082,nan,2
1200,0.7906999671831727,3.87450004927814,0.8602000307291746,5.538600031286478,nan,2
1201,0.757700065150857,4.26399998832494,0.8336000610142946,5.864700069651008,nan,2
1202,0.7672000210732222,3.987699979916215,0.9223000379279256,5.690300022251904,nan,2
1203,0.7511000148952007,4.3830000795423985,0.8454999187961221,5.992999998852611,nan,2
1204,0.7551999296993017,3.73670004773885,0.8536999812349677,5.3585999412462115,nan,2
1205,0.8669999660924077,3.9944000309333205,0.8796999463811517,5.769299925304949,nan,2
1206,0.825099996291101,3.8952999748289585,0.972400070168078,5.702099995687604,nan,2
1207,0.7851000409573317,4.0883999317884445,0.9122000774368644,5.799600039608777,nan,2
1208,0.79109997022897,4.356799996457994,0.9384999284520745,6.096399971283972,nan,2
1209,0.8067999733611941,3.902300028130412,0.8996999822556973,5.619299947284162,nan,2
1210,0.7643999997526407,4.186099977232516,1.02980004157871,5.993900005705655,nan,2
1211,0.7680000271648169,3.7639999063685536,0.8975000819191337,5.4432000033557415,nan,2
1212,0.7891999557614326,3.868600004352629,0.8491999469697475,5.527399946004152,nan,2
1213,0.7828000234439969,3.7589999847114086,0.9405000600963831,5.509400041773915,nan,2
1214,0.7872999412938952,4.0834000101312995,0.9250999428331852,5.821699975058436,nan,2
1215,0.7873000577092171,4.260299960151315,0.8725000079721212,5.933600012212992,nan,2
1216,0.7672000210732222,3.8512999890372157,0.9031000081449747,5.532699986360967,nan,2
1217,0.7637999951839447,4.53209993429482,0.8973999647423625,6.2049999833106995,nan,2
1218,0.7625999860465527,3.7324000149965286,0.8922000415623188,5.400400026701391,nan,2
1219,0.7870999397709966,3.9494000375270844,0.8591000223532319,5.615100031718612,nan,2
1220,0.776599976234138,3.6146000493317842,0.9222000371664762,5.326800048351288,nan,2
1221,0.7474999874830246,3.776900004595518,0.6758000236004591,5.2137000020593405,nan,1
1222,0.7572000613436103,4.0689000161364675,0.6887000054121017,5.5281000677496195,nan,1
1223,0.8101999992504716,4.028200055472553,0.6859999848529696,5.5339999962598085,nan,1
1224,0.7655000081285834,4.064699984155595,0.7111999439075589,5.550600006245077,nan,1
1225,0.7666000165045261,4.158299998380244,0.7104999385774136,5.643900018185377,nan,1
1226,0.7762000896036625,4.35010006185621,0.7104999385774136,5.845800042152405,nan,1
1227,0.7634999928995967,3.6751999286934733,0.6870999932289124,5.134399980306625,nan,1
1228,0.8518999675288796,3.9908000035211444,0.6898000137880445,5.558199947699904,nan,1
1229,0.8178000571206212,3.831900074146688,0.7419999456033111,5.4015000350773335,nan,1
1230,0.7920999778434634,4.080499988049269,0.7812000112608075,5.663500051014125,nan,1
1231,0.866799964569509,4.504699958488345,0.9317999938502908,6.325399968773127,nan,2
1232,0.820400076918304,4.154099966399372,0.9264000691473484,5.910600069910288,nan,2
1233,0.8144000312313437,4.624899942427874,0.9212000295519829,6.370399962179363,nan,2
1234,0.8530000923201442,3.754099947400391,0.9531000396236777,5.5698000360280275,nan,2
1235,0.8286000229418278,3.9733999874442816,0.9899999713525176,5.802600062452257,nan,2
1236,0.7683000294491649,4.365100059658289,0.8889000164344907,6.032000062987208,nan,2
1237,0.7920999778434634,3.8877000333741307,0.8786000544205308,5.567500018514693,nan,2
1238,0.7587999571114779,4.589200019836426,0.9361999109387398,6.293599959462881,nan,2
1239,0.7969998987391591,3.8576999213546515,0.8809000719338655,5.545299965888262,nan,2
1240,0.862100045196712,3.9802000392228365,1.076200045645237,5.939800059422851,nan,3
1241,0.7637999951839447,3.7765000015497208,1.069399993866682,5.618899944238365,nan,3
1242,0.7824000203981996,3.9927999023348093,0.7033000001683831,5.487299989908934,nan,1
1243,0.7550999289378524,4.259099951013923,0.7467999821528792,5.770099931396544,nan,1
1244,0.8008000440895557,3.959099994972348,1.0532999876886606,5.822799983434379,nan,3
1245,0.7809000089764595,4.560900037176907,1.018199953250587,6.369100068695843,nan,3
1246,0.8016000501811504,3.89509997330606,1.1993000516667962,5.905500031076372,nan,3
1247,0.8048000745475292,4.084100015461445,0.8492999477311969,5.747699993662536,nan,2
1248,0.7748000789433718,4.020199994556606,1.0572000173851848,5.86130004376173,nan,3
1249,0.7724000606685877,4.145100014284253,1.0334999533370137,5.959999980404973,nan,3
1250,0.7783999899402261,4.28940006531775,1.061099930666387,6.137799937278032,nan,3
1251,0.7818000158295035,3.6882999120280147,0.9201000211760402,5.399100016802549,nan,2
1252,0.8143000304698944,3.8588999304920435,0.6966000655665994,5.386700038798153,nan,1
1253,0.7693000370636582,3.775399993173778,0.8459000382572412,5.399700021371245,nan,2
1254,0.7802000036463141,4.115400020964444,0.8577000116929412,5.763099994510412,nan,2
1255,0.7521000225096941,3.9902999997138977,0.8963999571278691,5.647800047881901,nan,2
1256,0.7894000736996531,3.8757999427616596,0.8256000000983477,5.499999970197678,nan,2
1257,0.7998999208211899,4.417499992996454,0.8536999812349677,6.080699968151748,nan,2
1258,0.7971000159159303,3.807300003245473,0.8475000504404306,5.461900029331446,nan,2
1259,0.7577999494969845,4.132899921387434,0.8451000321656466,5.745899979956448,nan,2
1260,0.8406999986618757,3.8476999616250396,1.0137000354006886,5.723400041460991,nan,2
1261,0.7856999291107059,3.9136999985203147,0.843399902805686,5.55289990734309,nan,2
1262,0.7665000157430768,4.114900017157197,0.9240999352186918,5.814099917188287,nan,2
1263,0.8057999657467008,3.8925999542698264,0.8877000072970986,5.607699975371361,nan,2
1264,0.8019000524654984,4.534400068223476,1.0393999982625246,6.385400076396763,nan,3
1265,0.7535000331699848,4.016099963337183,1.0418000165373087,5.820799968205392,nan,3
1266,0.8579000132158399,4.024400026537478,1.053099986165762,5.951100029051304,nan,3
1267,0.7896000752225518,3.8699000142514706,1.129999989643693,5.798600031994283,nan,3
1268,0.8152000373229384,4.0351999923586845,1.0411000112071633,5.90580003336072,nan,3
1269,0.7961000083014369,4.266899893991649,1.0364000918343663,6.109500071033835,nan,3
1270,0.7902999641373754,3.9736999897286296,0.8563000010326505,5.641299998387694,nan,2
1271,0.8156000403687358,3.939200076274574,0.891899922862649,5.668299971148372,nan,2
1272,0.7533999159932137,3.7007000064477324,0.8727000094950199,5.335499998182058,nan,2
1273,0.7709999335929751,3.988899989053607,0.8482999401167035,5.617299932055175,nan,2
1274,0.7584999548271298,4.113100003451109,0.8697999874129891,5.75010001193732,nan,2
1275,0.7989000296220183,3.9018000243231654,0.8544999873265624,5.564399994909763,nan,2
1276,0.7339000003412366,4.686799948103726,0.7163999835029244,6.146100000478327,nan,1
1277,0.8132000220939517,3.9390999590978026,0.6902000168338418,5.4518000688403845,nan,1
1278,0.758000067435205,4.297100007534027,0.8824999677017331,5.9504000237211585,nan,2
1279,0.7554000476375222,3.864999976940453,0.9166999952867627,5.551500013098121,nan,2
1280,0.7934001041576266,3.921099938452244,0.8366000838577747,5.564100109040737,nan,2
1281,0.7443999638780951,3.931900020688772,0.8668000809848309,5.5562000488862395,nan,2
1282,0.7569000590592623,3.999599954113364,0.8584000170230865,5.628300015814602,nan,2
1283,0.8050000760704279,4.101900034584105,0.8453999180346727,5.762499989941716,nan,2
1284,0.7727999472990632,3.9289999986067414,0.9610000997781754,5.676500033587217,nan,2
1285,0.7524000247940421,4.318000050261617,0.8592999074608088,5.9402999468147755,nan,2
1286,0.7777999853715301,3.7336000241339207,0.8764000376686454,5.4024000419303775,nan,2
1287,0.7749999640509486,4.054799908772111,0.8617000421509147,5.714599974453449,nan,2
1288,0.7778999861329794,3.7299999967217445,0.8719000034034252,5.392499966546893,nan,2
1289,0.7749000797048211,3.844199934974313,0.8835999760776758,5.516399978660047,nan,2
1290,0.8073999779298902,4.571600002236664,0.8662999607622623,6.2593999318778515,nan,2
1291,0.7922999793663621,3.7262000842019916,0.8789999410510063,5.406999960541725,nan,2
1292,0.7549000438302755,4.453900037333369,1.1527000460773706,6.370100076310337,nan,2
1293,0.8370999712496996,3.84790007956326,0.9526999201625586,5.659399903379381,nan,2
1294,0.7787999929860234,3.981600049883127,1.0695999953895807,5.841000005602837,nan,3
1295,0.7825000211596489,4.526000004261732,1.1610999936237931,6.479999981820583,nan,2
1296,0.8788000559434295,4.778899950906634,1.2058001011610031,6.875100079923868,nan,2
1297,0.8893999038264155,4.9211999867111444,1.2413000222295523,7.072899956256151,nan,2
1298,0.8802000666037202,5.469400086440146,0.9125999640673399,7.280900026671588,nan,2
1299,0.8039000676944852,3.980299923568964,0.8983000880107284,5.69690007250756,nan,2
1300,0.812100013718009,4.2483999859541655,0.9009999921545386,5.976499989628792,nan,2
1301,0.7631999906152487,4.021800006739795,1.0850999969989061,5.880199954845011,nan,3
1302,0.7822000188753009,3.966699936427176,1.0903000365942717,5.866900086402893,nan,3
1303,0.7688000332564116,4.578799940645695,1.1538000544533134,6.5162000246346,nan,3
1304,0.8070999756455421,3.9073999505490065,0.6864999886602163,5.414699902758002,nan,1
1305,0.8116000099107623,4.108499968424439,0.7070000283420086,5.657000001519918,nan,1
1306,0.7751000812277198,3.876499948091805,0.6971999537199736,5.361999967135489,nan,1
1307,0.7884999504312873,3.956999978981912,0.8465999271720648,5.604699952527881,nan,2
1308,0.764199998229742,3.8868000265210867,0.893699936568737,5.556399933993816,nan,2
1309,0.8049999596551061,3.8696000119671226,0.8738000178709626,5.5599999614059925,nan,2
1310,0.7612999761477113,4.2122999439015985,0.9692000458016992,5.954999942332506,nan,2
1311,0.7928999839350581,3.920900053344667,0.7653000066056848,5.4938000394031405,nan,1
1312,0.7732000667601824,4.334299941547215,0.8741000201553106,5.994400009512901,nan,2
1313,0.7654000073671341,3.922099946066737,0.7021999917924404,5.400699912570417,nan,1
1314,0.816799933090806,4.0701000252738595,0.6775000365450978,5.580099998041987,nan,1
1315,0.7712000515311956,3.8787999656051397,1.0903000365942717,5.753400037065148,nan,3
1316,0.7683000294491649,4.476299975067377,1.0627999436110258,6.326699978671968,nan,3
1317,0.747899990528822,4.542500013485551,1.0804999619722366,6.380899925716221,nan,3
1318,0.7772999815642834,3.8523999974131584,1.0613000486046076,5.704500013962388,nan,3
1319,0.8977999677881598,5.124800023622811,1.4620000729337335,7.516700075939298,nan,3
1320,0.8555999957025051,5.361499963328242,1.4833000022917986,7.717799977399409,nan,3
1321,0.8563000010326505,4.326700000092387,0.9205000242218375,6.13390002399683,nan,2
1322,0.7681000279262662,4.23010007943958,0.8858999935910106,5.896200076676905,nan,2
1323,0.76299998909235,4.434700007550418,0.9127000812441111,6.123800063505769,nan,2
1324,0.8468999294564128,3.9454998914152384,0.9175000013783574,5.723099922761321,nan,2
1325,0.7866999367251992,3.871799912303686,0.9202000219374895,5.602799938060343,nan,2
1326,0.7784001063555479,3.878599964082241,0.6922000320628285,5.358600057661533,nan,1
1327,0.8134000236168504,3.873300040140748,0.6899000145494938,5.386900040321052,nan,1
1328,0.7518000202253461,3.6889000330120325,0.7047000108286738,5.15460001770407,nan,1
1329,0.7992000319063663,4.172799992375076,0.7116000633686781,5.692900042049587,nan,1
1330,0.78959995880723,4.13230003323406,0.6667000707238913,5.59750001411885,nan,1
1331,0.7652000058442354,3.984999959357083,0.6654000608250499,5.424599978141487,nan,1
1332,0.8042000699788332,4.189900006167591,0.6951999384909868,5.703500006347895,nan,1
1333,0.8154000388458371,3.6909000482410192,0.6780000403523445,5.194400087930262,nan,1
1334,0.8069999748840928,4.139199969358742,0.6801999406889081,5.63589995726943,nan,1
1335,0.8198999566957355,3.6608000518754125,0.6625999230891466,5.1550999050959945,nan,1
1336,0.8018999360501766,3.8974001072347164,0.6925999186933041,5.402699927799404,nan,1
1337,0.7605999708175659,2.800600021146238,0.39870000910013914,3.968799952417612,nan,0
1338,0.735800014808774,3.2418000046163797,0.40440005250275135,4.390300018712878,nan,0
1339,0.7665000157430768,2.8536999598145485,0.40769996121525764,4.036400001496077,nan,0
1340,0.7745000766590238,3.250699955970049,0.3992000129073858,4.432699992321432,nan,0
1341,0.7721000583842397,2.8340000426396728,0.44059997890144587,4.055100027471781,nan,0
1342,0.7743999594822526,3.860499942675233,0.750300008803606,5.393999977968633,nan,1
1343,0.7530000293627381,3.899900009855628,0.6790000479668379,5.34130004234612,nan,1
1344,0.7705000462010503,3.857000032439828,0.6874999962747097,5.324300029315054,nan,1
1345,0.7580999517813325,3.309899941086769,0.42230007238686085,4.499000031501055,nan,0
1346,0.7841000333428383,3.039299976080656,0.42990001384168863,4.261200083419681,nan,0
1347,0.7823999039828777,3.002299927175045,0.40840008296072483,4.200899973511696,nan,0
1348,0.7578999502584338,3.606499987654388,0.6143999053165317,4.986399901099503,nan,0
1349,0.8180000586435199,3.9628000231459737,0.6848999764770269,5.487099988386035,nan,1
1350,0.777199980802834,2.8782000299543142,0.40470005478709936,4.0689000161364675,nan,0
1351,0.7476999890059233,3.9567999774590135,0.7371000247076154,5.4494000505656,nan,1
1352,0.7656000088900328,3.7137001054361463,0.7033000001683831,5.191800068132579,nan,1
1353,0.8328999392688274,3.1319999834522605,0.40520005859434605,4.391200025565922,nan,0
1354,0.7482001092284918,3.0158000299707055,0.4096999764442444,4.181800060905516,nan,0
1355,0.7451999699696898,3.613000037148595,0.4537999629974365,4.822899936698377,nan,0
1356,0.7879000622779131,2.9591999482363462,0.4107001004740596,4.167800070717931,nan,0
1357,0.7866000523790717,4.1946000419557095,0.6976999575272202,5.687299999408424,nan,1
1358,0.7678999099880457,3.9851999608799815,0.8831999730318785,5.645299912430346,nan,2
1359,0.7696999236941338,3.9112999802455306,0.6880000000819564,5.377999972552061,nan,1
1360,0.7579999510198832,3.7988999392837286,0.6671000737696886,5.23310003336519,nan,1
1361,0.8285000221803784,4.079599981196225,0.9061000309884548,5.824899999424815,nan,2
1362,0.745000084862113,3.7209000438451767,0.8914999198168516,5.3662999998778105,nan,2
1363,0.7784001063555479,3.916100016795099,0.9383999276906252,5.64200000371784,nan,2
1364,0.833400059491396,4.059799946844578,1.0817000875249505,5.985100055113435,nan,3
1365,0.7542999228462577,3.724199952557683,0.9017999982461333,5.389299942180514,nan,2
1366,0.7990999147295952,4.149399930611253,0.9684000397101045,5.9266999596729875,nan,2
1367,0.834000064060092,4.114800016395748,0.9137999732047319,5.884699989110231,nan,2
1368,0.8776999311521649,3.95610008854419,1.0710000060498714,5.93089999165386,nan,3
1369,0.7900000782683492,3.835999988950789,1.330800005234778,5.969100049696863,nan,4
1370,0.7689000340178609,3.995099919848144,1.207799999974668,5.9946000110358,nan,4
1371,0.7592999609187245,4.447399987839162,1.3552000746130943,6.57389999832958,nan,3
1372,0.8616000413894653,3.902000025846064,1.4306999510154128,6.208100006915629,nan,5
1373,0.7796999998390675,4.1541000828146935,1.2654999736696482,6.216799956746399,nan,4
1374,0.7784999907016754,4.14249999448657,1.2702998938038945,6.2055999878793955,nan,4
1375,0.8083999855443835,3.975900006480515,1.2758000520989299,6.0882000252604485,nan,4
1376,0.7670000195503235,4.079499980434775,1.6087000258266926,6.468100007623434,nan,4
1377,0.7888000691309571,3.792600007727742,1.267799991182983,5.863300058990717,nan,4
1378,0.7534000324085355,3.8494999753311276,1.076800050213933,5.6931000435724854,nan,3
1379,0.7594000780954957,4.1877999901771545,1.0825999779626727,6.0403000097721815,nan,3
1380,0.7716999389231205,3.7854000693187118,1.0410998947918415,5.611899890936911,nan,3
1381,0.7436999585479498,4.2146999621763825,1.0773000540211797,6.044400040991604,nan,3
1382,0.9387999307364225,3.949900041334331,1.1087999446317554,6.018799962475896,nan,3
1383,0.785800046287477,4.137200070545077,1.052499981597066,5.984700052067637,nan,3
1384,0.7760999724268913,4.245399963110685,1.0988999856635928,6.129099987447262,nan,3
1385,0.7988999132066965,3.795999917201698,1.0349000804126263,5.639899987727404,nan,3
1386,0.7468999829143286,4.130099900066853,1.0477000614628196,5.933500011451542,nan,3
1387,0.8391999872401357,4.726000013761222,1.5529999509453773,7.12800002656877,nan,3
1388,0.9286999702453613,5.363799980841577,1.788900000974536,8.095999946817756,nan,4
1389,0.9310999885201454,4.6428999630734324,1.3782000169157982,6.9694999838247895,nan,4
1390,0.8503000717610121,4.7614999348297715,1.3392000691965222,6.963500054553151,nan,4
1391,0.8276000153273344,4.729500040411949,1.1812999146059155,6.768599967472255,nan,3
1392,0.8644999470561743,4.5972999650985,1.303300028666854,6.783699966035783,nan,4
1393,0.8199000731110573,5.0131999887526035,1.3346000341698527,7.180300075560808,nan,4
1394,0.8184000616893172,4.363000043667853,1.204799977131188,6.40640000347048,nan,3
1395,0.8587000193074346,4.408900043927133,1.1451999889686704,6.4434000523760915,nan,3
1396,0.8072999771684408,5.04339998587966,1.1457999935373664,7.011300069279969,nan,3
1397,0.8163000456988811,4.242999944835901,1.3010000111535192,6.376000004820526,nan,3
1398,0.8018000517040491,4.5189999509602785,1.1541000567376614,6.489800056442618,nan,3
1399,0.8295000297948718,4.481100011616945,0.9417999535799026,6.263299961574376,nan,2
1400,0.7912999717518687,4.073099931702018,1.0975999757647514,5.985899944789708,nan,3
1401,0.8677999721840024,4.53540007583797,1.1292999843135476,6.558099994435906,nan,3
1402,0.7656000088900328,4.493199987336993,1.2366999872028828,6.509299972094595,nan,3
1403,0.8326999377459288,4.368700087070465,0.9521999163553119,6.181799923069775,nan,2
1404,0.8002000395208597,4.8738999757915735,0.9196000173687935,6.608200026676059,nan,2
1405,0.810900004580617,4.135099938139319,0.7811000104993582,5.742499954067171,nan,1
1406,0.797300017438829,4.135599941946566,0.8908000309020281,5.83899999037385,nan,2
1407,0.7748000789433718,4.413299961015582,0.9197000181302428,6.120300036855042,nan,2
1408,0.797900022007525,4.177700029686093,0.9220000356435776,5.913100088946521,nan,2
1409,0.7896999595686793,5.8660999638959765,1.1351000284776092,7.810499984771013,nan,3
1410,0.7674000225961208,4.264200106263161,1.209799898788333,6.253600004129112,nan,3
1411,0.7847999222576618,4.130599903874099,1.1083000572398305,6.033799960277975,nan,3
1412,0.7915999740362167,4.254400031641126,1.1032999027520418,6.158699980005622,nan,3
1413,1.1467000003904104,3.95279994700104,1.1553000658750534,6.2686000019311905,nan,3
1414,0.7949999999254942,4.027700051665306,1.117600011639297,5.9492000145837665,nan,3
1415,0.7840999169275165,4.295399994589388,1.2528999941423535,6.341899977996945,nan,3
1416,0.8285000221803784,3.919100039638579,1.092099933885038,5.856100004166365,nan,3
1417,0.8060999680310488,4.038300015963614,1.0930000571534038,5.959099973551929,nan,3
1418,0.7791999960318208,3.8770000683143735,0.9365000296384096,5.601900047622621,nan,2
1419,0.7806000066921115,4.061999963596463,1.0811000829562545,5.932700005359948,nan,3
1420,0.7720000576227903,4.094299976713955,1.0840999893844128,5.959299975074828,nan,3
1421,0.7981000235304236,3.92619997728616,1.057300018146634,5.791300092823803,nan,3
1422,0.7525000255554914,3.90989996958524,1.0866000084206462,5.758099956437945,nan,3
1423,0.7576999487355351,3.6816000938415527,1.2066999915987253,5.654799984768033,nan,3
1424,0.77479996252805,3.9003000129014254,0.887800008058548,5.5732999462634325,nan,2
1425,0.7843999192118645,4.048899980261922,0.906999921426177,5.749599891714752,nan,2
1426,0.7592999609187245,3.9781000232324004,0.9044000180438161,5.651099956594408,nan,2
1427,0.7513999007642269,4.231299972161651,1.0720000136643648,6.066999980248511,nan,3
1428,0.757100060582161,3.793400013819337,1.0629999451339245,5.6235999800264835,nan,3
1429,0.7729999488219619,3.9236999582499266,1.0855000000447035,5.798399914056063,nan,3
1430,0.7553000468760729,3.748200018890202,0.9176000021398067,5.43310004286468,nan,2
1431,0.7682000286877155,3.76480002887547,0.867099966853857,5.427800002507865,nan,2
1432,0.8528000907972455,3.968499950133264,0.853499979712069,5.701899994164705,nan,2
1433,0.7926999824121594,3.832499962300062,0.874500023201108,5.526999942958355,nan,2
1434,0.7587999571114779,4.085500026121736,0.8852999890223145,5.7391999289393425,nan,2
1435,0.7980000227689743,3.873499925248325,1.0569000151008368,5.755099933594465,nan,3
1436,0.7596999639645219,4.219000111334026,0.858199899084866,5.846699932590127,nan,2
1437,0.7847999222576618,4.081599996425211,1.1233999393880367,6.0041999677196145,nan,3
1438,0.7794999983161688,3.9159000152722,0.9040000149980187,5.614600027911365,nan,2
1439,0.7920999778434634,3.817599965259433,0.6981000769883394,5.317999981343746,nan,1
1440,0.8565000025555491,4.309499985538423,0.7169999880716205,5.9127999702468514,nan,1
1441,0.7845999207347631,4.091899958439171,0.7232000352814794,5.613400018773973,nan,1
1442,0.7664000149816275,3.796700038947165,0.7381999166682363,5.314799956977367,nan,1
1443,0.7562999380752444,4.47460007853806,1.079399953596294,6.3235999550670385,nan,3
1444,0.7715000538155437,3.8424000376835465,1.1778000043705106,5.802200059406459,nan,3
1445,0.7684999145567417,4.027400049380958,1.2468000641092658,6.056300015188754,nan,4
1446,0.7795999990776181,4.093399969860911,0.899100094102323,5.781100015155971,nan,2
1447,0.7672000210732222,3.814400057308376,0.852299970574677,5.443100002594292,nan,2
1448,0.7540000369772315,4.2576000560075045,0.9051000233739614,5.925600067712367,nan,2
1449,0.7778999861329794,3.79139999859035,0.8594000246375799,5.437899962998927,nan,2
1450,0.7455999730154872,3.942999988794327,0.8726000087335706,5.5726999416947365,nan,2
1451,0.9667000267654657,3.844199934974313,0.9961000178009272,5.828200024552643,nan,2
1452,0.7906000828370452,4.045099951326847,0.910600065253675,5.756500060670078,nan,2
1453,0.762699986808002,3.987999982200563,0.939000048674643,5.698700086213648,nan,2
1454,0.7815000135451555,3.800799953751266,0.6785000441595912,5.27449999935925,nan,1
1455,0.7765000918880105,3.966399934142828,0.8960000704973936,5.649200058542192,nan,2
1456,0.749099999666214,3.8847000105306506,0.9027000050991774,5.549099994823337,nan,2
1457,0.7619999814778566,4.269000026397407,0.69500005338341,5.736200022511184,nan,1
1458,0.7669000187888741,3.8270000368356705,0.6722999969497323,5.279600038193166,nan,1
1459,0.7730999495834112,3.938600071705878,0.6862999871373177,5.413500010035932,nan,1
1460,0.7570000598207116,3.7765000015497208,0.723400036804378,5.269200075417757,nan,1
1461,0.7885000668466091,3.9624000201001763,0.6962999468669295,5.45970001257956,nan,1
1462,0.7653000066056848,3.095199936069548,0.4035000456497073,4.276599967852235,nan,0
1463,0.7971000159159303,3.7585999816656113,0.6393999792635441,5.216899910010397,nan,0
1464,0.7616000948473811,3.7743999855592847,0.6769000319764018,5.221400060690939,nan,1
1465,0.7928999839350581,4.102300037629902,0.6868999917060137,5.591299966908991,nan,1
1466,0.7720000576227903,3.9955000393092632,0.6591000128537416,5.435600061900914,nan,1
1467,0.789299956522882,4.033799981698394,0.6518999580293894,5.484699970111251,nan,1
1468,0.7504000095650554,4.326399997808039,0.6582000060006976,5.744199967011809,nan,1
1469,0.7686000317335129,3.722500056028366,0.6701999809592962,5.170000018551946,nan,1
1470,0.7785999914631248,4.170399974100292,0.7261999417096376,5.684399977326393,nan,1
1471,0.7735999533906579,3.728100098669529,0.6512999534606934,5.162599962204695,nan,1
1472,0.750900013372302,3.9219000609591603,0.6895000115036964,5.37090003490448,nan,1
1473,0.7444999646395445,3.6813999759033322,0.6383999716490507,5.073499982245266,nan,1
1474,0.856699887663126,4.220300004817545,0.7059000199660659,5.80939999781549,nan,1
1475,0.8191999513655901,3.817100077867508,0.8293000282719731,5.47450000885874,nan,1
1476,0.7962000090628862,4.29219997022301,0.7292000809684396,5.832300055772066,nan,1
1477,0.7924999808892608,4.17520001064986,0.7517000194638968,5.732599995099008,nan,1
1478,0.8453000336885452,3.8907999405637383,0.6750000175088644,5.423099966719747,nan,1
1479,0.7615999784320593,4.4686000328511,0.7191000040620565,5.962700000964105,nan,1
1480,0.8209999650716782,4.125699982978404,0.7134000770747662,5.674500018358231,nan,1
1481,0.8231999818235636,4.17820003349334,0.7301999721676111,5.7480999967083335,nan,1
1482,0.8053000783547759,4.211399937048554,0.7992000319063663,5.830800044350326,nan,1
1483,0.8639000589028001,4.350399947725236,0.7099000504240394,5.934800021350384,nan,1
1484,0.776899978518486,4.175000009126961,0.6720999954268336,5.633000051602721,nan,1
1485,0.7634999928995967,3.779300022870302,0.6487000500783324,5.201400024816394,nan,1
1486,0.735500012524426,4.428800079040229,0.658900011330843,5.831900052726269,nan,1
1487,0.7388000376522541,3.8092000177130103,0.721000018529594,5.2779000252485275,nan,1
1488,0.7530999137088656,4.142299992963672,0.6683999672532082,5.5735999485477805,nan,1
1489,0.7407000521197915,3.687900025397539,1.0486000683158636,5.486300098709762,nan,3
1490,0.7595999632030725,3.837199998088181,0.8590999059379101,5.465199938043952,nan,2
1491,0.7427999516949058,3.8285000482574105,1.0735000250861049,5.653399974107742,nan,3
1492,0.7510000141337514,4.024200025014579,0.8374999742954969,5.621299962513149,nan,2
1493,0.7257999386638403,4.8729999689385295,0.8868000004440546,6.494999979622662,nan,2
1494,0.77629997394979,3.9241999620571733,1.0360999731346965,5.7455999776721,nan,3
1495,0.7552999304607511,4.045299952849746,1.067599980160594,5.877099931240082,nan,3
1496,0.7463999791070819,3.7098999600857496,1.0534999892115593,5.518799996934831,nan,3
1497,0.7727000629529357,3.892200067639351,1.0226999875158072,5.69700007326901,nan,3
1498,0.7575000636279583,4.651300027035177,1.0508999694138765,6.469600019045174,nan,3
1499,0.7670000195503235,3.86420008726418,1.2161999475210905,5.856600007973611,nan,4
1500,0.7308999774977565,4.136399948038161,1.218999968841672,6.095099961385131,nan,4
